Story,File,en,pt ,es,it,fr,de,ja,HIRAGANA,ROMAJI
1,1,TEETH   ,DENTES,DIENTES  ,DENTI  ,DENTS  ,ZÄHNE  ,歯,は,HA
1,10,SQUEEZE TOOTHPASTE  ,ESPREMER PASTA DE DENTES,EXPRIMIR PASTA DE DIENTES  ,SPREMERE DENTIFRICIO  ,PRESSER LE DENTIFRICE  ,ZAHNPASTA DRÜCKEN  ,歯磨き粉を絞る,はみがきこをしぼる,HAMIGAKIKO O SHIBORU
1,11,TOOTHBRUSH   ,ESCOVA DE DENTES,CEPILLO  ,SPAZZOLINO  ,BROSSE À DENTS  ,ZAHNBÜRSTE  ,歯ブラシ,はブラシ,HABURASHI
1,12,BRUSH TEETH  ,ESCOVAR DENTES,CEPILLARSE LOS DIENTES  ,SPAZZOLARE I DENTI  ,BROSSER LES DENTS  ,ZÄHNE PUTZEN  ,歯を磨く,はをみがく,HA O MIGAKU
1,13,MOUTH   ,BOCA,BOCA  ,BOCCA  ,BOUCHE  ,MUND  ,口,くち,KUCHI
1,14,OPEN MOUTH  ,ABRIR BOCA,ABRIR BOCA  ,APRIRE BOCCA  ,OUVRIR LA BOUCHE  ,OFFNEN MUND  ,口を開ける,くちをあける,KUCHI O AKERU
1,15,CLOSE MOUTH  ,FECHAR BOCA,CERRAR BOCA  ,CHIUDERE BOCCA  ,FERMER LA BOUCHE  ,SCHLIESSEN MUND  ,口を閉じる,くちをとじる,KUCHI O TOJIRU
1,16,WATER   ,ÁGUA,AGUA  ,ACQUA  ,EAU  ,WASSER  ,水,みず,MIZU
1,17,RINSE MOUTH  ,ENXAGUAR BOCA,ENJUAGAR BOCA  ,SCIAQUARE BOCCA  ,RINCER LA BOUCHE  ,MUND SPÜLEN  ,口をすすぐ,くちをすすぐ,KUCHI O SUSUGU
1,18,RINSE TOOTHBRUSH  ,ENXAGUAR ESCOVA,ENJUAGAR CEPILLO  ,SCIAQUARE SPAZZOLINO  ,RINCER LA BROSSE  ,BÜRSTE SPÜLEN  ,歯ブラシをすすぐ,はブラシをすすぐ,HABURASHI O SUSUGU
1,19,SINK   ,PIA,LAVABO  ,LAVABO  ,ÉVIER  ,SINK  ,洗面台,せんめんだい,SENMENDAI
1,20,ON - IN  ,EM CIMA - DENTRO,ARRIBA - DENTRO,SU - DENTRO,ALLUMER  ,AN  ,オン,オン,ON
1,21,TOOTHBRUSH HOLDER  ,PORTA ESCOVA,SOPORTE DE CEPILLO  ,PORTA SPAZZOLINO  ,PORTE-BROSSE  ,ZAHNBÜRSTENHALTER  ,歯ブラシ立て,はブラシたて,HABURASHI TATE
1,22,TOWEL   ,TOALHA,TOALLA  ,ASCIUGAMANO  ,SERVIETTE  ,HANDTUCH  ,タオル,タオル,TAORU
1,23,DRY AND WET TOWELS,TOALHAS SECAS E MOLHADAS,TOALLAS SECAS Y MOJADAS  ,ASCIUGAMANO BAGNATO E ASCIUTTO  ,SERVIETTES SÈCHES ET HUMIDES  ,TROCKENE UND NASSE HANDTÜCHER  ,乾いたタオルと濡れたタオル,かわいたタオルとぬれたタオル,KAWAITA TAORU TO NURETA TAORU
1,24,HAND   ,MÃO,MANO  ,MANO  ,MAIN  ,HAND  ,手,て,TE
1,25,HANDS   ,MÃOS,MANOS  ,MANI  ,MAINS  ,HÄNDE  ,両手,りょうて,RYOUTE
1,26,DRY HANDS WITH TOWEL,SECAR MÃOS COM TOALHA,SECAR MANOS CON TOALLA  ,ASCIUGARE MANI CON ASCIUGAMANO  ,SÉCHER LES MAINS AVEC SERVIETTE  ,HÄNDE MIT HANDTUCH TROCKNEN  ,手をタオルで拭く,てをタオルでふく,TAORU DE TE O KAWAKASU
1,27,SMILE   ,SORRISO,SONRISA  ,SORRISO  ,SOURIRE  ,LÄCHELN  ,笑う,わらう,EGAO
1,28,MIRROR   ,ESPELHO,ESPEJO  ,SPECCHIO  ,MIROIR  ,SPIEGEL  ,鏡,かがみ,KAGAMI
1,2,WAKE UP  ,ACORDAR,DESPERTAR  ,SVEGLIARSI  ,SE RÉVEILLER  ,AUFWACHEN  ,起きる,おきる,OKIRU
1,3,BOOK   ,LIVRO,LIBRO  ,LIBRO  ,LIVRE  ,BUCH  ,本,ほん,HON
1,4,PICK UP BOOK ,PEGAR LIVRO,AGARRAR LIBRO  ,PRENDERE LIBRO  ,PRENDRE LIVRE  ,BUCH NEHMEN  ,本を取る,ほんをとる,HON O TORU
1,5,PUT DOWN BOOK ,COLOCAR LIVRO,DEJAR LIBRO  ,POSARE LIBRO  ,POSER LIVRE  ,BUCH ABLEGEN  ,本を置く,ほんをおく,HON O OKU
1,6,BATHROOM   ,BANHEIRO,BAÑO  ,BAGNO  ,SALLE DE BAIN  ,BAD  ,お風呂,おふろ,BASUR?MU
1,7,LEMON   ,LIMÃO,LIMÓN  ,LIMONE  ,CITRON  ,ZITRONE  ,レモン,レモン,REMON
1,8,SQUEEZE LEMON  ,ESPREMER LIMÃO,EXPRIMIR LIMÓN  ,SPREMERE LIMONE  ,PRESSE CITRON  ,ZITRONE AUSDRÜCKEN  ,レモンを絞る,レモンをしぼる,REMON O SHIBORU
1,9,TOOTHPASTE   ,PASTA DE DENTES,PASTA DE DIENTES,DENTIFRICIO,DENTIFRICE,ZAHNPASTA,歯磨き粉,はみがきこ,HAMIGAKIKO
2,1,BOY  ,MENINO  ,NIÑO  ,BAMBINO  ,GARÇON  ,JUNGE  ,男の子,おとこのこ,OTOKO NOKO  
2,2,HAND  ,MÃO  ,MANO  ,MANO  ,MAIN  ,HAND  ,手,て,TE   
2,3,HANDS  ,MÃOS  ,MANOS  ,MANI  ,MAINS  ,HÄNDE  ,両手,りょうて,RY?TE   
2,4,DIRTY-CLEAN HAND  ,MÃO SUJA-LIMPA  ,MANO SUCIA-LIMPIA  ,MANO SPORCA-PULITA  ,MAIN SALE-PROPRE  ,SCHMUTZIG-REINE HAND  ,汚れた手‐きれいな手,よごれたて‐きれいなて,YOGORETA TE- KIREINA TE
2,5,SINK  ,PIA  ,LAVABO  ,LAVABO  ,ÉVIER  ,SINK  ,洗面台,せんめんだい,SENMENDAI   
2,6,FAUCET  ,TORNEIRA  ,GRIFO  ,RUBINETTO  ,ROBINET  ,WASSERHAHN  ,蛇口,じゃぐち,JAGUCHI   
2,7,WALK  ,CAMINHAR  ,CAMINAR  ,CAMMINARE  ,MARCHER  ,GEHEN  ,歩く,あるく,ARUKU   
2,8,WALK TO THE SINK  ,CAMINHAR ATÉ A PIA  ,CAMINAR AL LAVABO  ,CAMMINARE AL LAVABO  ,MARCHER JUSQU'À L'ÉVIER  ,ZUM SINK GEHEN  ,洗面台まで歩く,せんめんだいまであるく,SENMENDAI MADEARUKU  
2,9,TURN ON THE FAUCET  ,LIGAR TORNEIRA  ,ENCENDER GRIFO  ,ACCENDERE RUBINETTO  ,ALLUMER ROBINET  ,WASSERHAHN AN  ,蛇口をひねる,じゃぐちをひねる,JAGUCHI O HINERU  
2,10,BOOK  ,LIVRO  ,LIBRO  ,LIBRO  ,LIVRE  ,BUCH  ,本,ほん,HON   
2,11,PICK UP BOOK  ,PEGAR LIVRO  ,AGARRAR LIBRO  ,PRENDERE LIBRO  ,PRENDRE LIVRE  ,BUCH NEHMEN  ,本を取る,ほんをとる,HON OTORU  
2,12,PUT DOWN BOOK  ,COLOCAR LIVRO,DEJAR LIBRO  ,POSARE LIBRO  ,POSER LIVRE  ,BUCH ABLEGEN  ,本を置く,ほんをおく,HON OOKU  
2,13,SOAP  ,SABÃO  ,JABÓN  ,SAPONE  ,SAVON  ,SEIFE  ,石鹸,せっけん,SEKKEN   
2,15,PICK UP THE SOAP  ,PEGAR SABÃO  ,AGARRAR JABÓN  ,PRENDERE SAPONE  ,PRENDRE SAVON  ,SEIFE NEHMEN  ,石鹸を取る,せっけんをとる,SEKKEN OTORU  
2,16,PUT DOWN SOAP  ,COLOCAR SABÃO  ,DEJAR JABÓN  ,POSARE SAPONE  ,POSER SAVON  ,SEIFE ABLEGEN  ,石鹸を置く,せっけんをおく,SEKKEN OOKU  
2,17,WASH HANDS WITH SOAP  ,LAVAR MÃOS COM SABÃO  ,LAVAR MANOS CON JABÓN  ,LAVARE LE MANI CON SAPONE  ,LAVER LES MAINS AVEC SAVON  ,HÄNDE MIT SEIFE WASCHEN  ,石鹸で手を洗う,せっけんでてをあらう,SEKKEN DETE O ARAU
2,18,RINSE HANDS  ,ENXAGUAR MÃOS  ,ENJUAGAR MANOS  ,RISCIACQUARE LE MANI  ,RINCER LES MAINS  ,HÄNDE SPÜLEN  ,手をすすぐ,てをすすぐ,TE OSUSUGU  
2,20,TURN OFF THE FAUCET  ,DESLIGAR TORNEIRA  ,APAGAR GRIFO  ,SPEGNERE RUBINETTO  ,ÉTEINDRE ROBINET  ,WASSERHAHN AUS  ,蛇口を止める,じゃぐちをとめる,JAGUCHI OSHIMERU  
2,21,TOWEL  ,TOALHA  ,TOALLA  ,ASCIUGAMANO  ,SERVIETTE  ,HANDTUCH  ,タオル,タオル,TAORU   
2,22,GET TOWEL  ,PEGAR TOALHA  ,AGARRAR TOALLA  ,PRENDERE ASCIUGAMANO  ,PRENDRE SERVIETTE  ,HANDTUCH NEHMEN  ,タオルを取る,タオルをとる,TAORU OTORU  
2,23,DRY AND WET TOWELS  ,TOALHAS SECAS E MOLHADAS  ,TOALLAS SECAS Y MOJADAS  ,ASCIUGAMANI BAGNATI E ASCIUTTI  ,SERVIETTES HUMIDES ET SÈCHES  ,TROCKENE UND NASSE HANDTÜCHER  ,乾いたタオルと濡れたタオル,かわいたタオルとぬれたタオル,KAWAITA TAORUTO NURETA TAORU
2,24,DRY HANDS WITH TOWEL  ,SECAR MÃOS COM TOALHA  ,SECAR MANOS CON TOALLA  ,ASCIUGARE LE MANI CON ASCIUGAMANO  ,SÉCHER LES MAINS AVEC SERVIETTE  ,HÄNDE MIT HANDTUCH TROCKNEN  ,手をタオルで拭く,てをタオルでふく,TAORU DETE O KAWAKASU
2,26,WHISTLE,ASSOBIAR,SILBAR,FISCHIARE,SIFFLER,PFEIFEN,口笛を吹く,くちぶえをふく,KUCHIBUE OFUKU  
3,1,TABLE,MESA,MESA,TAVOLO,TABLE,TISCH,テーブル,テーブル,TEEBURU
3,3,SPILL MILK ON TABLE,DERRAMAR LEITE NA MESA,DERRAMAR LECHE EN LA MESA,VERSARE IL LATTE SUL TAVOLO,RENVERSEZ DU LAIT SUR LA TABLE,MILCH AUF DEN TISCH VERSCHÜTTEN,テーブルに牛乳をこぼす,テーブルにぎゅうにゅうをこぼす,TEEBURU NI GYUUNYUU O KOBOSU
3,21,WET TOWEL,TOALHA MOLHADA,TOALLA MOJADA,ASCIUGAMANO BAGNATO,SERVIETTE MOUILLÉE,NASSER HANDTUCH,濡れたタオル,ぬれたタオル,NURETA TAORU
3,11,MILK,LEITE,LECHE,LATTE,LAIT,MILCH,牛乳,ぎゅうにゅう,GYUUNYUU
3,12,DRINK MILK,BEBER LEITE,BEBER LECHE,BERE IL LATTE,BOIRE DU LAIT,MILCH TRINKEN,牛乳を飲む,ぎゅうにゅうをのむ,GYUUNYUU O NOMU
3,14,FAUCET,TORNEIRA,GRIFO,RUBINETTO,ROBINET,WASSERHAHN,蛇口,じゃぐち,JAGUCHI
3,13,DRINK MILK WITH STRAW,BEBER LEITE COM CANUDO,BEBER LECHE CON PAJITA,BERE IL LATTE CON CANNUCCIA,BOIRE DU LAIT AVEC UNE PAILLE,MILCH MIT STROHHALM TRINKEN,ストローで牛乳を飲む,ストローでぎゅうにゅうをのむ,SUTOROO DE GYUUNYUU O NOMU
3,10,TWIST TOWEL,TORCER A TOALHA,ESCURRIR LA TOALLA,STRIZZARE L’ASCIUGAMANO,TORDRE LA SERVIETTE,HANDTUCH WRINGEN,タオルを絞る,タオルをしぼる,TAORU O SHIBORU
3,16,TURN ON FAUCET,ABRIR TORNEIRA,ABRIR EL GRIFO,APRIRE IL RUBINETTO,OUVRIR LE ROBINET,WASSERHAHN AUFDREHEN,蛇口を開ける,じゃぐちをあける,JAGUCHI O AKERU
3,15,TURN OFF FAUCET,FECHAR TORNEIRA,CERRAR EL GRIFO,CHIUDERE IL RUBINETTO,FERMER LE ROBINET,WASSERHAHN ZUDREHEN,蛇口を閉める,じゃぐちをしめる,JAGUCHI O SHIMERU
3,18,KITCHEN,COZINHA,COCINA,CUCINA,CUISINE,KÜCHE,キッチン,キッチン,KICCHIN
3,17,SINK,PIA,FREGADERO,LAVANDINO,ÉVIER,SPÜLE,流し台,ながしだい,NAGASHIDAI
3,20,RUN,CORRER,CORRER,CORRERE,COURIR,LÄUFEN,走る,はしる,HASHIRU
3,23,SHE – HE,ELA / ELE,ELLA / ÉL,LEI / LUI,ELLE / IL,SIE / ER,彼女 / 彼,かのじょ / かれ,KANOJO / KARE
3,19,ON - IN,EM CIMA - DENTRO,ENCIMA - DENTRO,SU - DENTRO,SUR - DANS,AUF - IN,上 - 中,うえ - なか,UE - NAKA
3,22,DON'T SPILL MILK ON THE TABLE,NÃO DERRAME LEITE NA MESA,NO DERRAMES LECHE EN LA MESA,NON VERSARE IL LATTE SUL TAVOLO,NE RENVERSEZ PAS DE LAIT SUR LA TABLE,NICHT DIE MILCH AUF DEN TISCH VERSCHÜTTEN,テーブルに牛乳をこぼさないで,テーブルにぎゅうにゅうをこぼさないで,TEEBURU NI GYUUNYUU O KOBOSANAI DE
3,25,MOTHER SAYS - DON'T SPILL MILK ON THE TABLE,MÃE DIZ - NÃO DERRAME LEITE NA MESA,MAMÁ DICE - NO DERRAMES LECHE EN LA MESA,LA MADRE DICE - NON VERSARE IL LATTE SUL TAVOLO,MAMAN DIT - NE RENVERSEZ PAS DE LAIT SUR LA TABLE,MUTTER SAGT - NICHT DIE MILCH AUF DEN TISCH VERSCHÜTTEN,母が言います - テーブルに牛乳をこぼさないで,ははがいいます - テーブルにぎゅうにゅうをこぼさないで,HAHA GA IIMASU - TEEBURU NI GYUUNYUU O KOBOSANAI DE
3,24,WALK,ANDAR,CAMINAR,CAMMINARE,MARCHER,GEHEN,歩く,あるく,ARUKU
3,5,GET TOWEL,PEGAR TOALHA,COGER TOALLA,PRENDERE L’ASCIUGAMANO,PRENDRE LA SERVIETTE,HANDTUCH HOLEN,タオルを取る,タオルをとる,TAORU O TORU
3,6,SHE GETS TOWEL,ELA PEGA A TOALHA,ELLA COGE LA TOALLA,LEI PRENDE L’ASCIUGAMANO,ELLE PREND LA SERVIETTE,SIE HOLT DAS HANDTUCH,彼女がタオルを取る,かのじょがタオルをとる,KANOJO GA TAORU O TORU
3,7,CLEAN TABLE WITH TOWEL,LIMPAR A MESA COM A TOALHA,LIMPIAR LA MESA CON LA TOALLA,PULIRE IL TAVOLO CON L’ASCIUGAMANO,NETTOYER LA TABLE AVEC LA SERVIETTE,TISCH MIT HANDTUCH REINIGEN,タオルでテーブルを拭く,タオルでテーブルをふく,TAORU DE TEEBURU O FUKU
3,8,HANG TOWEL,PENDURAR TOALHA,COLGAR TOALLA,APPENDERE L’ASCIUGAMANO,ACCROCHER LA SERVIETTE,HANDTUCH AUFHÄNGEN,タオルを掛ける,タオルをかける,TAORU O KAKERU
4,1,VITAMINS,VITAMINAS,VITAMINAS,VITAMINE,VITAMINES,VITAMINE,ビタミン,ビタミン,BITAMIN
4,2,GET VITAMINS,PEGAR VITAMINAS,COGER VITAMINAS,PRENDERE LE VITAMINE,PRENDRE LES VITAMINES,VITAMINE HOLEN,ビタミンを取る,ビタミンをとる,BITAMIN O TORU
4,3,TAKE OFF LID,TIRAR TAMPA,QUITAR TAPA,TOGLIERE IL COPERCHIO,ENLEVER LE COUVERCLE,DECKEL ABNEHMEN,蓋を取る,ふたをとる,FUTA O TORU
4,4,OPEN VITAMINS,ABRIR VITAMINAS,ABRIR VITAMINAS,APRIRE LE VITAMINE,OUVRIR LES VITAMINES,VITAMINE ÖFFNEN,ビタミンを開ける,ビタミンをあける,BITAMIN O AKERU
4,5,HE GETS ONE VITAMIN,ELE PEGA UMA VITAMINA,ÉL COGE UNA VITAMINA,LUI PRENDE UNA VITAMINA,IL PREND UNE VITAMINE,ER NIMMT EINE VITAMINE,彼がビタミンを取る,かれがビタミンをとる,KARE GA BITAMIN O TORU
4,6,PUTS BACK LID,COLOCAR TAMPA DE VOLTA,PONER TAPA DE NUEVO,RIPORRE IL COPERCHIO,REMETTRE LE COUVERCLE,DECKEL ZURÜCKLEGEN,蓋を戻す,ふたをもどす,FUTA O MODOSU
4,7,PUT DOWN VITAMINS,COLOCAR VITAMINAS,PONER VITAMINAS,METTERE GIÙ LE VITAMINE,POSER LES VITAMINES,VITAMINE HINLEGEN,ビタミンを置く,ビタミンをおく,BITAMIN O OKU
4,8,TAKE A VITAMIN,TOMAR UMA VITAMINA,TOMAR UNA VITAMINA,PRENDERE UNA VITAMINA,PRENDRE UNE VITAMINE,EINE VITAMINE NEHMEN,ビタミンを飲む,ビタミンをのむ,BITAMIN O NOMU
4,9,GLASS,COPO,VASO,BICCHIERE,VERRE,GLAS,コップ,コップ,KOPPU
4,10,WATER,ÁGUA,AGUA,ACQUA,EAU,WASSER,水,みず,MIZU
4,11,GLASS OF WATER,COPO DE ÁGUA,VASO DE AGUA,BICCHIERE D’ACQUA,VERRE D’EAU,GLAS WASSER,コップ一杯の水,コップいっぱいのみず,KOPPU IPPAI NO MIZU
4,12,DRINK WATER,BEBER ÁGUA,BEBER AGUA,BERE ACQUA,BOIRE DE L’EAU,WASSER TRINKEN,水を飲む,みずをのむ,MIZU O NOMU
4,13,CHOKE,ENGASGAR,ATRAGANTARSE,SOFFOCARE,ÉTOUFFER,ERSTICKEN,喉が詰まる,のどがつまる,NODO GA TSUMARU
4,14,MORE,MAIS,MÁS,DI PIÙ,PLUS,MEHR,もっと,もっと,MOTTO
4,15,LESS,MENOS,MENOS,MENO,MOINS,WENIGER,少ない,すくない,SUKUNAI
4,16,SWALLOW,ENGOLIR,TRAGAR,INGHIOTTIRE,AVALER,SCHLUCKEN,飲み込む,のみこむ,NOMIKOMU
5,1,BREAD,PÃO,PAN,PANE,PAIN,BROT,パン,パン,PAN
5,2,TOAST,TORRADA  ,TOSTADA,TOAST,TOAST,TOAST,トースト,トースト,TOOSUTO
5,3,TOASTER,TORRADEIRA,TOSTADORA,TOSTAPANE,GRILLE‑PAIN,TOASTER,トースター,トースター,TOOSUTAA
5,4,PLATE,PRATO,PLATO,PIATTO,ASSIETTE,TELLER,皿,さら,SARA
5,5,BUTTER,MANTEIGA,MANTEQUILLA,BURRO,BEURRE,BUTTER,バター,バター,BATAA
5,6,KNIFE,FACA,CUCHILLO,COLTELLO,COUTEAU,MESSER,ナイフ,ナイフ,NAIFU
5,7,JAM,GELEIA,MERMELADA,MARMELLATA,CONFITURE,MARMELADE,ジャム,ジャム,JAMU
5,8,GET BREAD,PEGAR PÃO,TOMAR PAN,PRENDERE PANE,PRENDRE PAIN,BROT NEHMEN,パンを取る,パンをとる,PAN O TORU
5,9,PUT SLICE OF BREAD IN TOASTER,COLOCAR FATIA DE PÃO NO TORRADEIRA,PONER REBANADA DE PAN EN LA TOSTADORA,METTERE FETTA DI PANE NEL TOSTAPANE,METTRE UNE TRANCHE DE PAIN DANS LE GRILLE‑PAIN,SCHEIBE BROT IN DEN TOASTER LEGEN,トースターにパンのスライスを入れる,トースターにパンのスライスをいれる,TOOSUTAA NI PAN NO SURAISU O IRERU
5,10,TURN ON TOASTER,LIGAR TORRADEIRA,ENCENDER TOSTADORA,ACCENDERE TOSTAPANE,ALLUMER GRILLE‑PAIN,TOASTER EINSCHALTEN,トースターをオンにする,トースターをオンにする,TOOSUTAA O ON NI SURU
5,11,WAIT,ESPERAR,ESPERAR,ASPETTARE,ATTENDRE,WARTEN,待つ,まつ,MATSU
5,12,TOAST IS READY,A TORRADA ESTÁ PRONTA ,LA TOSTADA ESTÁ LISTA ,IL TOAST È PRONTO ,LE TOAST EST PRÊT ,DER TOAST IST FERTIG ,トーストができました ,トーストが出来ました ,TOOSUTO GA DEKIMASHITA
5,13,GET TOAST OUT OF TOASTER,PEGAR TORRADA DA TORRADEIRA,TOMAR LA TOSTADA DE LA TOSTADORA ,PRENDERE IL TOAST DAL TOSTAPANE ,PRENDRE LE TOAST DU GRILLE-PAIN ,DEN TOAST AUS DEM TOASTER NEHMEN ,トーストをトースターから取る,トーストをトースターからとる,TOOSUTO O TOOSUTAA KARA TORU
5,14,PUT TOAST ON PLATE,COLOCAR TORRADA NO PRATO,PONER LA TOSTADA EN EL PLATO,METTERE TOAST SUL PIATTO,METTRE LE TOAST SUR L’ASSIETTE,DEN TOAST AUF DEN TELLER LEGEN,トーストを皿に置く,トーストをさらにおく,TOOSUTO O SARA NI OKU
5,15,GET KNIFE AND BUTTER,PEGAR FACA E MANTEIGA,TOMAR CUCHILLO Y MANTEQUILLA,PRENDERE COLTELLO E BURRO,PRENDRE COUTEAU ET BEURRE,MESSER UND BUTTER NEHMEN,ナイフとバターを取る,ナイフとバターをとる,NAIFU TO BATAA O TORU
5,16,SPREAD BUTTER ON TOAST,ESPALHAR MANTEIGA NA TORRADA,UNTAR MANTEQUILLA EN LA TOSTADA,SPALMARE BURRO SUL TOAST,ÉTALER DU BEURRE SUR LE TOAST,BUTTER AUF DEN TOAST STREICHEN,トーストにバターを塗る,トーストにバターをぬる,TOOSUTO NI BATAA O NURU
5,17,GET JAM,PEGAR GELEIA,TOMAR MERMELADA,PRENDERE MARMELLATA,PRENDRE CONFITURE,MARMELADE NEHMEN,ジャムを取る,ジャムをとる,JAMU O TORU
5,18,PUT JAM ON TOAST WITH SPOON,COLOCAR GELEIA NA TORRADA COM COLHER,PONER MERMELADA EN TOSTADA CON CUCHARA,METTERE MARMELLATA SUL TOAST CON CUCCHIAIO,METTRE CONFITURE SUR TOAST AVEC CUILLÈRE,MARMELADE MIT EINEM LÖFFEL AUF DEN TOAST GEBEN,スプーンでトーストにジャムを乗せる,スプーンでトーストにジャムをのせる,SUPUUN DE TOOSUTO NI JAMU O NOSERU
5,19,SPREAD JAM ON TOAST,ESPALHAR GELEIA NA TORRADA,UNTAR MERMELADA EN LA TOSTADA,SPALMARE MARMELLATA SUL TOAST,ÉTALER CONFITURE SUR TOAST,MARMELADE AUF TOAST STREICHEN,トーストにジャムを塗る,トーストにジャムをぬる,TOOSUTO NI JAMU O NURU
5,20,CUT TOAST,CORTAR A TORRADA,CORTAR LA TOSTADA,TAGLIARE TOAST,COUPER TOAST,TOAST SCHNEIDEN,トーストを切る,トーストをきる,TOOSUTO O KIRU
5,21,GET HALF A TOAST,PEGAR METADE DE UM TORRADA,TOMAR LA MITAD DE UNA TOSTADA,PRENDERE MEZZA FETTA DI TOAST,PRENDRE LA MOITIÉ D’UN TOAST,HALBE TOAST NEHMEN,トーストの半分を取る,トーストのはんぶんをとる,TOOSUTO NO HANBUN O TORU
5,22,BITE,MORDIDA,MORDISCO,MORSA,BOUCHÉE,BISS,かじる,かじる,KAJIRU
5,23,TAKE A BITE,DAR UMA MORDIDA,TOMAR UN MORDISCO,PRENDERE UN MORSO,PRENDRE UNE BOUCHÉE,EINEN BISS NEHMEN,ひとくち食べる,ひとくちたべる,HITOKUCHI TABERU
5,24,CHEW,MASTIGAR,MASTICAR,MASTICARE,MÂCHER,KAUEN,噛む,かむ,KAMU
6,1,WAKE UP,ACORDAR,DESPERTAR,SVEGLIARSI,SE RÉVEILLER,AUFWACHEN,起きる,おきる,OKIRU
6,2,GLASS,COPO,VASO,BICCHIERE,VERRE,GLAS,グラス,グラス,GURASU
6,3,GLASS OF WATER,COPO DE ÁGUA,VASO DE AGUA,BICCHIERE D’ACQUA,VERRE D’EAU,GLAS WASSER,水の入ったグラス,みずのはいったグラス,MIZU NO HAITTA GURASU
6,4,WALK,ANDAR,CAMINAR,CAMMINARE,MARCHER,GEHEN,歩く,あるく,ARUKU
6,5,WALK TO KITCHEN,ANDAR ATÉ A COZINHA,CAMINAR HASTA LA COCINA,CAMMINARE FINO IN CUCINA,MARCHER JUSQU’À LA CUISINE,ZUR KÜCHE GEHEN,キッチンまで歩く,キッチンまであるく,KICCHIN MADE ARUKU
6,6,COFFEE MACHINE,MÁQUINA DE CAFÉ,CAFETERA,MACCHINA DEL CAFFÈ,MACHINE À CAFÉ,KAFFEEMASCHINE,コーヒーマシン,コーヒーマシン,KOOHII MASHIN
6,7,COFFEE POT,CAFETEIRA,CAFETERA,CAFFETTIERA,CAFETIÈRE,KAFFEEKANNE,コーヒーポット,コーヒーポット,KOOHII POTTO
6,8,MILK,LEITE,LECHE,LATTE,LAIT,MILCH,ミルク,ミルク,MIRUKU
6,9,KITCHEN,COZINHA,COCINA,CUCINA,CUISINE,KÜCHE,キッチン,キッチン,KICCHIN
6,10,SUGAR,AÇÚCAR,AZÚCAR,ZUCCHERO,SUCRE,ZUCKER,砂糖,さとう,SATOU
6,11,FILL GLASS WITH WATER,ENCHER COPO COM ÁGUA,LLENAR VASO CON AGUA,RIEMPIRE BICCHIERE D’ACQUA,REMPLIR VERRE D’EAU,GLAS MIT WASSER FÜLLEN,グラスに水を入れる,グラスにみずをいれる,GURASU NI MIZU O IRERU
6,12,FILL COFFEE MACHINE WITH WATER,ENCHER A MÁQUINA DE CAFÉ COM ÁGUA,LLENAR LA CAFETERA CON AGUA,RIEMPIRE MACCHINA DEL CAFFÈ D’ACQUA,REMPLIR MACHINE À CAFÉ D’EAU,KAFFEEMASCHINE MIT WASSER FÜLLEN,コーヒーマシンに水を入れる,コーヒーマシンにみずをいれる,KOOHII MASHIN NI MIZU O IRERU
6,13,PUT COFFEE IN THE COFFEE FILTER,COLOCAR CAFÉ NO FILTRO,PONER CAFÉ EN FILTRO,METTERE CAFFÈ NEL FILTRO,METTRE CAFÉ DANS FILTRE,KAFFEE IN FILTER GEBEN,コーヒーフィルターにコーヒーを入れる,コーヒーフィルターにコーヒーをいれる,KOOHII FIRUTAA NI KOOHII O IRERU
6,14,POUR COFFEE INTO CUP,DESPEJAR CAFÉ NA XÍCARA,VERTIR CAFÉ EN TAZA,VERSARE CAFFÈ NELLA TAZZA,VERSER CAFÉ DANS TASSE,KAFFEE IN TASSE GIESSEN,カップにコーヒーを注ぐ,カップにコーヒーをそそぐ,KAPPU NI KOOHII O SOSOGU
6,15,TURN ON COFFEE MACHINE,LIGAR MÁQUINA DE CAFÉ,ENCENDER CAFETERA,ACCENDERE MACCHINA DEL CAFFÈ,ALLUMER MACHINE À CAFÉ,KAFFEEMASCHINE EINSCHALTEN,コーヒーマシンをオンにする,コーヒーマシンをオンにする,KOOHII MASHIN O ON NI SURU
6,16,POUR MILK INTO CUP,DESPEJAR LEITE NA XÍCARA,VERTIR LECHE EN TAZA,VERSARE LATTE NELLA TAZZA,VERSER LAIT DANS TASSE,MILCH IN TASSE GIESSEN,カップにミルクを注ぐ,カップにミルクをそそぐ,KAPPU NI MIRUKU O SOSOGU
6,17,POUR SUGAR,DESPEJAR AÇÚCAR,VERTIR AZÚCAR,VERSARE ZUCCHERO,VERSER SUCRE,ZUCKER EINFÜLLEN,砂糖を入れる,さとうをいれる,SATOU O IRERU
6,18,COFFEE SMELLS GOOD,CHEIRAR CAFÉ,OLER CAFÉ,ANNUSARE CAFFÈ,SENTIR CAFÉ,KAFFEE RIECHEN,コーヒーの香りを嗅ぐ,コーヒーのかおりをかぐ,KOOHII NO KAORI O KAGU
6,19,STIR COFFEE,MEXER CAFÉ,REMOVER CAFÉ,MESCOLARE CAFFÈ,REMUER CAFÉ,KAFFEE RÜHREN,コーヒーをかき混ぜる,コーヒーをかきまぜる,KOOHII O KAKIMAZERU
6,20,DRINK COFFEE,BEBER CAFÉ,BEBER CAFÉ,BERE CAFFÈ,BOIRE CAFÉ,KAFFEE TRINKEN,コーヒーを飲む,コーヒーをのむ,KOOHII O NOMU
7,1,HEAR,OUVIR,ESCUCHAR,ASCOLTARE,ENTENDRE,HÖREN,聞く,きく,KIKU
7,2,CAT,GATO,GATO,GATTO,CHAT,KATZE,猫,ねこ,NEKO
7,3,MEOW,MIAR,MAULLAR,MIAGOLARE,MIAULER,MIAUEN,ニャー,ニャー,NYAA
7,4,WALK,ANDAR,CAMINAR,CAMMINARE,MARCHER,GEHEN,歩く,あるく,ARUKU
7,5,WALK TO THE SINK,ANDAR ATÉ A PIA,CAMINAR HASTA EL FREGADERO,CAMMINARE FINO AL LAVANDINO,MARCHER JUSQU’AU LAVABO,ZUR SPÜLE GEHEN,流しまで歩く,ながしまであるく,NAGASHI MADE ARUKU
7,6,KITCHEN,COZINHA,COCINA,CUCINA,CUISINE,KÜCHE,キッチン,キッチン,KICCHIN
7,7,GIVE - TAKE,DAR / PEGAR,DAR / TOMAR,DARE / PRENDERE,DONNER / PRENDRE,GEBEN / NEHMEN,与える / 取る,あたえる / とる,ATAERU / TORU
7,8,BOWL,TIGELA,BOL,CIOTOLA,BOL,SCHÜSSEL,ボウル,ボウル,BOURU
7,9,FROM - TO,DE / PARA,DE / A,DA / A,DE / À,VON / ZU,から / へ,から / へ,KARA / E
7,10,SHELF,PRATELEIRA,ESTANTERÍA,SCAFFALE,ÉTAGÈRE,REGAL,棚,たな,TANA
7,11,CAN,LATA,LATA,LATTINA,BOÎTE,DOSE,缶,かん,KAN
7,13,CAT FOOD,COMIDA DE GATO,COMIDA PARA GATO,CIBO PER GATTI,NOURRITURE POUR CHAT,KATZENFUTTER,キャットフード,キャットフード,KYATTO FUUDO
7,15,OPEN,ABRIR,ABRIR,APRIRE,OUVRIR,ÖFFNEN,開ける,あける,AKERU
7,16,PUT,COLOCAR,PONER,METTERE,METTRE,LEGEN,置く,おく,OKU
7,17,FILL GLASS WITH WATER,ENCHER COPO COM ÁGUA,LLENAR VASO CON AGUA,RIEMPIRE BICCHIERE D’ACQUA,REMPLIR VERRE D’EAU,GLAS MIT WASSER FÜLLEN,グラスに水を入れる,グラスにみずをいれる,GURASU NI MIZU O IRERU
7,18,EAT,COMER,COMER,MANGIARE,MANGER,ESSEN,食べる,たべる,TABERU
7,21,LICK PAWS,LAMBER PATAS,LAMER PATAS,LECCARE ZAMPE,LÉCHER PATTES,PFOTEN LECKEN,足を舐める,あしをなめる,ASHI O NAMERU
7,19,LICK,LAMBER,LAMER,LECCARE,LÉCHER,LECKEN,舐める,なめる,NAMERU
7,20,PAWS,PATAS,PATAS,ZAMPE,PATTES,PFOTEN,足,あし,ASHI
7,22,PUT - POUR,COLOCAR / DERRAMAR,PONER / VERTIR,METTERE / VERSARE,METTRE / VERSER,GEBEN / AUSGIESSEN,置く / 注ぐ,おく / そそぐ,OKU / SOSOGU
7,23,WATCH,OBSERVAR,OBSERVAR,OSSERVARE,REGARDER,BEOBACHTEN,見る,みる,MIRU
7,24,WATER,ÁGUA,AGUA,ACQUA,EAU,WASSER,水,みず,MIZU
21,1,GLASS,COPO,VASO,BICCHIERE,VERRE,GLAS,グラス,グラス,GURASU
21,2,SMOOTHIE,VITAMINA ,BATIDO,FRULLATO,SMOOTHIE,SMOOTHIE,スムージー,スムージー,SMUUJII
21,6,STRAW,CANUDO,PAJILLA / POPOTE,CANNUCCIA,PAILLE,STROHHALM,ストロー,ストロー,SUTOROO
21,3,BANANA,BANANA,PLÁTANO,BANANA,BANANE,BANANE,バナナ,バナナ,BANANA
21,4,BERRIES,FRUTOS VERMELHOS,BAYAS,BACCHE,BAIES,BEEREN,ベリー,ベリー,BERII
21,5,BLENDER,LIQUIDIFICADOR,LICUADORA,FRULLATORE,MIXEUR,MIXER,ミキサー,ミキサー,MIKISAA
21,7,YOGHURT,IOGURTE,YOGUR,YOGURT,YAOURT,JOGHURT,ヨーグルト,ヨーグルト,YOOGURUTO
21,8,OPEN – CLOSE,ABRIR – FECHAR,ABRIR – CERRAR,APRIRE – CHIUDERE,OUVRIR – FERMER,ÖFFNEN – SCHILIESSEN,開く- 閉める ,あける – しめる ,AKERU – SHIMERU
21,9,GET BANANA AND BERRIES,PEGAR BANANA E FRUTAS VERMELHAS,TOMAR LA BANANA Y LAS BAYAS,PRENDERE LA BANANA E I FRUTTI DI BOSCO,PRENDRE LA BANANE ET LES BAIES,DIE BANANE UND DIE BEEREN HOLEN,バナナとベリーを取る ,バナナとベリーを とる ,BANANA TO BERII O TORU
21,10,HOLD BANANA AND BERRIES,SEGURAR A BANANA E AS FRUTAS VERMELHAS,SOSTENER LA BANANA Y LAS BAYAS,TENERE LA BANANA E I FRUTTI DI BOSCO,TENIR LA BANANE ET LES BAIES,DIE BANANE UND DIE BEEREN HALTEN,バナナとベリーを持つ ,バナナとベリーを もつ ,BANANA TO BERII O MOTSU
21,11,ADD FRUITS TO BLENDER,ADICIONAR AS FRUTAS NO LIQUIDIFICADOR,AÑADIR LAS FRUTAS A LA LICUADORA,AGGIUNGERE LA FRUTTA NEL FRULLATORE,AJOUTER LES FRUITS DANS LE MIXEUR,DIE FRÜCHTE IN DEN MIXER GEBEN ,フルーツをミキサーに入れる ,フルーツをミキサーに いれる ,FURUUTSU O MIKISAA NI IRERU
21,12,ADD YOGHURT TO THE MIX,ADICIONAR IOGURTE NA MISTURA,AÑADIR YOGUR A LA MEZCLA ,AGGIUNGERE LO YOGURT ALLA MISCELA,AJOUTER DU YAOURT DANS LE MÉLANGE ,DEN JOGHURT ZUR MISCHUNG GEBEN,ヨーグルトを混ぜ物に入れる ,ヨーグルト をまぜものにいれる ,YOOGURUTO O MAZEMONO NI IRERU
21,13,ADD MILK TO BLENDER,ADICIONAR LEITE NO LIQUIDIFICADOR,AÑADIR LECHE A LA LICUADORA,AGGIUNGERE IL LATTE NEL FRULLATORE,AJOUTER DU LAIT DANS LE MIXEUR,DIE MILCH IN DEN MIXER GEBEN,牛乳をミキサーに入れる ,ぎゅうにゅうを ミキサーに いれる ,GYUUNYUU O MIKISAA NI IRERU
21,14,HOLD LID SHUT,SEGURAR A TAMPA FECHADA,SOSTENER LA TAPA CERRADA,TENERE IL COPERCHIO CHIUSO,TENIR LE COUVERCLE FERMÉ ,DEN DECKEL ZUHALTEN,蓋を閉めて持つ ,ふたをしめてもつ ,FUTA O SHIMETE MOTSU
21,15,TURN ON BLENDER,LIGAR O LIQUIDIFICADOR,ENCENDER LA LICUADORA,ACCENDERE IL FRULLATORE,ALLUMER LE MIXEUR,DEN MIXER EINSCHALTEN,ミキサーをつける ,ミキサーをつける ,MIKISAAO TSUKERU
21,16,ADD A STRAW,COLOCAR UM CANUDO,AÑADIR UNA PAJITA,AGGIUNGERE UNA CANNUCCIA,AJOUTER UNE PAILLE,EINEN STROHHALM HINZUFÜGEN ,ストローを入れる ,ストローをいれる ,SUTOROO O IRERU
21,17,POUR SMOOTHIE IN GLASS,DESPEJAR O SMOOTHIE NO COPO,VERTER EL BATIDO EN EL VASO,VERSARE LO SMOOTHIE NEL BICCHIERE,VERSER LE SMOOTHIE DANS LE VERRE,DEN SMOOTHIE INS GLAS GIEßEN ,スムージーをグラスに注ぐ ,スムージーをグラスに そそぐ ,SUMUUJII O GURASU NI SOSOGU
21,18,TAKE A SIP,DAR UM GOLE,DAR UM SORBO,FARE UN SORSO,PRENDRE UNE GORGÉE ,EINEN SCHNAPS NEHMEN,一口飲む ,ひとくちのむ ,HITOKUCHI NOMU
21,20,ENJOY SMOOTHIE,APROVEITAR O SMOOTHIE,DISFRUTAR DEL BATIDO,GODERSI LO SMOOTHIE,APPRÉCIER LE SMOOTHIE ,DEN SMOOTHIE GENIEßEN ,スムージーを楽しむ ,スムージーを たのしむ ,SUMUUJII O TANOSHIMU
22,1,GRAB,PEGAR,AGARRAR,PRENDERE,ATTRAPER,GREIFEN,取る,とる,TORU
22,6,LOOK AT,OLHAR PARA,MIRAR  ,GUARDARE,REGARDER,ANSCHAUEN,見る,みる,MIRU
22,16,FURNITURE,MÓVEIS,MUEBLES,MOBILI,MEUBLES,MÖBEL,家具,かぐ,KAGU
22,17,HANG,PENDURAR,COLGAR,APPENDERE,ACCROCHER,AUFHÄNGEN,掛ける,かける,KAKERU
22,18,PICTURE,QUADRO,CUADRO,QUADRO,TABLEAU,BILD,絵,え,E
22,19,RUG,TAPETE,ALFOMBRA,TAPPETO,TAPIS,TEPPICH,ラグ,ラグ,RAGU
22,20,FLOOR,CHÃO,SUELO,PAVIMENTO,SOL,BODEN,床,ゆか,YUKA
22,22,WALL,PAREDE,PARED,PARETE,MUR,WAND,壁,かべ,KABE
22,3,CUSHION,ALMOFADA,COJÍN,CUSCINO,COUSSIN,KISSEN,クッション,クッション,KUSSHON
22,2,DECORATE,DECORAR,DECORAR,DECORARE,DÉCORER,DEKORIEREN,飾る,かざる,KAZARU
22,32,ADMIRE,ADMIRAR,ADMIRAR,AMMIRARE,ADMIRER,BEWUNDERN,鑑賞する,かんしょうする,KANSHOU SURU
22,33,STEP BACK,AFASTAR-SE,RETROCEDER,FARE UN PASSO INDIETRO,RECULER,ZURÜCKTRETTEN,一歩下がる,いっぽさがる,IPPO SAGARU
23,1,TIE SHOES,AMARRAR SAPATOS,ATAR ZAPATOS,ALLACIARE SCARPE,LACER CHAUSSURES,SCHUHE BINDEN,靴を結ぶ,くつをむすぶ,KUTSU O MUSUBU
23,2,STEP OUT,SAIR,SALIR,USCIRE,SORTIR,HINAUSGEHEN,外に出る,そとにでる,SOTO NI DERU
23,3,WALK DOWN STREET,ANDAR PELA RUA,CAMINAR POR LA CALLE,CAMMINARE PER STRADA,MARCHER DANS LA RUE,DIE STRASSE ENTLANG GEHEN,通りを歩く,とおりをあるく,TOORI O ARUKU
23,5,CROSS STREET,ATRAVESSAR A RUA,CRUZAR LA CALLE,ATTRAVERSARE LA STRADA,TRAVERSER LA RUE,STRASSE ÜBERQUEREN,道を渡る,みちをわたる,MICHI O WATARU
23,12,WAVE,ACENAR,SALUDAR CON LA MANO,SALUTARE,FAIRE UN SIGNE,WINKEN,手を振る,てをふる,TE O FURU
23,13,NEIGHBORS,VIZINHOS,VECINOS,VICINI,VOISINS,NACHBARN,隣人,りんじん,RINJIN
23,15,PARK,PARQUE,PARQUE,PARCO,PARC,PARK,公園,こうえん,KOUEN
23,9,ARRIVE,CHEGAR,LLEGAR,ARRIVARE,ARRIVER,ANKOMMEN,到着する,とうちゃくする,TOUCHAKU SURU
23,6,ENJOYMENT,APROVEITAR,DISFRUTAR,GODERE,PROFITER,GENIESSEN,楽しむ,たのしむ,TANOSHIMU
23,7,GO AROUND CORNER,VIRAR A ESQUINA,DOBLAR LA ESQUINA,GIRARE L’ANGOLO,TOURNER LE COIN,UM DIE ECKE GEHEN,角を曲がる,かどをまがる,KADO O MAGARU
24,1,TURN LEFT,VIRAR À ESQUERDA,GIRAR A LA IZQUIERDA,GIRARE A SINISTRA,TOURNER À GAUCHE,NACH LINKS ABBIEGEN,左に曲がる,ひだりにまがる,HIDARI NI MAGARU
24,2,TURN RIGHT,VIRAR À DIREITA,GIRAR A LA DERECHA,GIRARE A DESTRA,TOURNER À DROITE,NACH RECHTS ABBIEGEN,右に曲がる,みぎにまがる,MIGI NI MAGARU
24,3,CAR,CARRO,COCHE,AUTO,VOITURE,AUTO,車,くるま,KURUMA
24,4,SEATBELT,CINTO DE SEGURANÇA,CINTURÓN DE SEGURIDAD,CINTURALE DI SICUREZZA,CEINTURE DE SÉCURITÉ,SICHERHEITSGURT,シートベルト,シートベルト,SHIITOBERUTO
24,5,PARKED CAR,CARRO ESTACIONADO,COCHE ESTACIONADO,AUTO PARCHEGGIATA,VOITURE STATIONNÉE,GEparkTES AUTO,駐車された車,ちゅうしゃされたくるま,CHUUSHA SARETA KURUMA
24,6,START STOP,LIGAR / DESLIGAR,ENCENDER / APAGAR,ACCENDERE / SPEGNERE,ALLUMER / ÉTEINDRE,START / STOP,エンジンをかける / 止める,エンジンをかける / とめる,ENJIN O KAKERU / TOMERU
24,7,CHECK SURROUNDINGS,VERIFICAR ARREDORES,REVISAR ALREDEDORES,CONTROLLARE DINTORNI,VÉRIFIER ENVIRONS,UMGEBUNG ÜBERPRÜFEN,周囲を確認する,しゅういをかくにんする,SHUUI O KAKUNIN SURU
24,8,GET IN CAR,ENTRAR NO CARRO,ENTRAR EN COCHE,ENTRARE NELL’AUTO,ENTRER DANS LA VOITURE,INS AUTO EINSTEIGEN,車に乗る,くるまにのる,KURUMA NI NORU
24,9,TURN STEERING WHEEL,VIRAR VOLANTE,GIRAR VOLANTE,GIRARE VOLANTE,TOURNER LE VOLANT,LENKRAD DREHEN,ハンドルを回す,ハンドルをまわす,HANDORU O MAWASU
24,10,LOOK OUT WINDOW,OLHAR PELA JANELA,MIRAR POR LA VENTANA,GUARDARE DAL FINESTRO,REGARDER PAR LA FENÊTRE,AUS DEM FENSTER SCHAUEN,窓の外を見る,まどのそとをみる,MADO NO SOTO O MIRU
24,11,PUT ON SEATBELT,COLOCAR CINTO DE SEGURANÇA,PONER CINTURÓN,METTERE CINTURALE DI SICUREZZA,METTRE CEINTURE,GURT ANLEGEN,シートベルトをする,シートベルトをする,SHIITOBERUTO O SURU
24,12,DRIVE DOWN STREET,DIRIGIR PELA RUA,CONDUCIR POR LA CALLE,GUIDARE PER STRADA,CONDUIRE DANS LA RUE,STRASSE FAHREN,通りを運転する,とおりをうんてんする,TOORI O UNTEN SURU
24,13,PUT CAR IN DRIVE,COLOCAR CARRO EM MARCHA,PONER COCHE EN MARCHA,METTERE AUTO IN MARCIA,METTRE VOITURE EN MARCHE,AUTO IN DRIVE SCHALTEN,車をドライブに入れる,くるまをドライブにいれる,KURUMA O DORAIBU NI IRERU
24,18,START ENGINE,LIGAR O MOTOR,ARRANCAR EL MOTOR,ACCENDERE MOTORE,DÉMARRER MOTEUR,MOTOR STARTEN,エンジンをかける,エンジンをかける,ENJIN O KAKERU
24,19,BUCKLE UP,COLOCAR O CINTO DE SEGURANÇA,PONER EL CINTURÓN DE SEGURIDAD ,METTERE LA CINTURA DI SICUREZZA ,METTRE LA CEINTURE DE SÉCURITÉ ,DEN SICHERHEITSGURT ANLEGEN ,シートベルトを締める ,シートベルトをしめる ,SHIITOBERUTO O SHIMERU 
24,20,COMPLETELY WET,COMPLETAMENTE MOLHADO,COMPLETAMENTE MOJADO,COMPLETAMENTE BAGNATO,COMPLÈTEMENT MOUILLÉ ,VÖLLIG NASS ,びしょ濡れ ,びしょぬれ ,BISHO NURE
24,21,COMPLETELY COVERED,COMPLETAMENTE COBERTO,COMPLETAMENTE CUBIERTO,COMPLETAMENTE COPERTO,COMPLÈTEMENT COUVERT ,VÖLLIG BEDECKT ,完全に覆われる ,かんぜんにおおわれる ,KANZEN NI OOWARERU
24,22,CHECK,VERIFICAR,VERIFICAR,CONTROLLARE,VÉRIFIER,ÜBERPRÜFEN,確認する,かくにんする,KAKUNIN SURU
24,23,LOOK OUT THE WINDOW,OLHAR PELA JANELA,MIRAR POR LA VENTANA,GUARDARE DALLA FINESTRA,REGARDER PAR LA FENÊTRE ,AUS DEM FENSTER SCHAUEN,窓の外を見る ,まどのそとをみる ,MADO NO SOTO O MIRU
25,1,BED,CAMA,CAMA,LETTO,LIT,BETT,ベッド,ベッド,BEDDO
25,2,CLOTHES,ROUPAS,ROPA,VESTITI,VÊTEMENTS,KLEIDUNG,服,ふく,FUKU
25,3,FOLD,DOBRAR,DOBLAR,PIEGARE,PLIER,FALTEN,折りたたむ,おりたたむ,ORITATAMU
25,4,GRAB,PEGAR,AGARRAR,PRENDERE,ATTRAPER,GREIFEN,取る,とる,TORU
25,5,LAY OUT CLOTHES,ESTENDER ROUPAS,EXTENDER LA ROPA,STENDERE I VESTITI,ÉTALER LES VÊTEMENTS,KLEIDUNG AUSLEGEN,服を並べる,ふくをならべる,FUKU O NARABERU
25,6,LIFT,LEVANTAR,LEVANTAR,SOLLEVARE,SOULEVER,HEBEN,持ち上げる,もちあげる,MOCHIAGERU
25,7,NEAT – MESSY,ARRUMADO - BAGUNÇADO ,ORDENADO – DESORDENADO,ORDINATO – DISORDINATO,PROPRE - EN DÉSORDRE ,SAUBER – UNORDENTLICH,きちんと – ぐちゃぐちゃ ,きちんと – ぐちゃぐちゃ ,KICHINTO – GUCHAGUCHA
25,8,SET IT,COLOCAR,COLOCAR,SISTEMARE,METTRE,HINSETZEN,置く,おく,OKU
25,9,SUITCASE,MALA,MALETA,VALIGIA,VALISE,KOFFER,スーツケース,スーツケース,SUUTSUKEESU
25,10,TOILETRIES,PRODUTOS DE HIGIENE,ARTÍCULOS DE ASEO,ARTICOLI DA TOILETTE,ARTICLES DE TOILETTE,TOILETTENARTIKEL,洗面用具 ,せんめんようぐ ,SENMENYOUGU 
25,11,PLACES,LUGARES,LUGARES,LUOGHI,ENDROITS,ORTE,場所,ばしょ,BASHO
25,12,ZIP UP SWEATER,FECHAR CASACO,CERRAR SUÉTER,CHIUDERE MAGLIONE,FERMER PULL,SWEATER ZUZIPPEN,セーターを閉める,セーターをしめる,SEETAA O SHIMERU
25,13,PACKING A SUITCASE,FAZER AS MALAS,HACER LA MALETA,FARE LA VALIGIA,FAIRE LA VALISE,DEN KOFFER PACKEN,スーツケースを詰める ,スーツケースを つめる ,SUUTSUKEESU O TSUMERU
26,1,LIST,LISTA,LISTA,LISTA,LISTE,LISTE,リスト,リスト,RISUTO
26,2,SHOPPING LIST,LISTA DE COMPRAS,LISTA DE COMPRAS,LISTA DELLA SPESA,LISTE DE COURSES,EINKAUFSLISTE,買い物リスト,かいものリスト,KAIMONO RISUTO
26,3,PRODUCE,PRODUTOS,PRODUCTOS,PRODOTTI,PRODUITS,PRODUKTE,商品,しょうひん,SHOUHIN
26,4,ENTER,ENTRAR,ENTRAR,ENTRARE,ENTRER,BETRETEN,入る,はいる,HAIRU
26,5,GRAB,PEGAR,AGARRAR,PRENDERE,ATTRAPER,GREIFEN,取る,とる,TORU
26,6,BASKET,CESTA,CESTA,CESTINO,PANIER,KORB,バスケット,バスケット,BASUKETTO
26,7,GROCERY STORE,MERCADO,SUPERMERCADO,NEGOZIO ALIMENTARE,ÉPICERIE,LEBENSMITTELGESCHÄFT,食料品店,しょくりょうひんてん,SHOKURYOUHIN TEN
26,8,FRUITS,FRUTAS,FRUTAS,FRUTTA,FRUITS,FRÜCHTE,果物,くだもの,KUDAMONO
26,9,VEGETABLES,LEGUMES,VERDURAS,VERDURE,LÉGUMES,GEMÜSE,野菜,やさい,YASAI
26,10,DAIRY PRODUCTS,PRODUTOS LÁCTEOS,PRODUCTOS LÁCTEOS,PRODOTTI LATTEI,PRODUITS LAITIERS,MILCHPRODUKTE,乳製品,にゅうせいひん,NYUU SEIHIN
26,11,AISLE,CORREDOR,PASILLO,CORRIDOIO,ALLÉE,GANG,通路,つうろ,TSUU RO
26,12,MILK,LEITE,LECHE,LATTE,LAIT,MILCH,牛乳,ぎゅうにゅう,GYUUNYUU
26,13,EGGS,OVOS,HUEVOS,UOVA,ŒUFS,EIER,卵,たまご,TAMAGO
26,14,REGISTER,CAIXA,CAJA,CASSA,CAISSE,KASSE,レジ,レジ,REJI
26,15,GROCERIES,COMPRAS,COMPRAS,SPESA,COURSES,EINKÄUFE,買い物,かいもの,KAIMONO
26,16,PAY,PAGAR,PAGAR,PAGARE,PAYER,BEZAHLEN,支払う,しはらう,SHIHARAU
27,1,BUCKET,BALDE,CUBO,SECCHIO,SEAU,EIMER,バケツ,ばけつ,BAKETSU
27,2,SAND BUCKET,BALDE DE AREIA,CUBO DE ARENA,SECCHIO DI SABBIA,SEAU DE SABLE,SAND-EIMER,砂のバケツ,すなのばけつ,SUNA NO BAKETSU
27,3,FULL BUCKET,BALDE CHEIO,CUBO LLENO,SECCHIO PIENO,SEAU PLEIN,VOLLER EIMER,満杯のバケツ,まんぱいのばけつ,MANPAI NO BAKETSU
27,4,EMPTY BUCKET,BALDE VAZIO,CUBO VACÍO,SECCHIO VUOTO,SEAU VIDE,LEERER EIMER,空のバケツ,からのばけつ,KARA NO BAKETSU
27,5,PAINT BUCKET,BALDE DE TINTA,CUBO DE PINTURA,SECCHIO DI VERNICE,SEAU DE PEINTURE,FARBEIMER,塗料のバケツ,とりょうのばけつ,TORYO NO BAKETSU
27,6,CREATION,CRIAÇÃO,CREACIÓN,CREAZIONE,CRÉATION,KREATION,創作,そうさく,SOSAKU
27,7,ADMIRE,ADMIRAR,ADMIRAR,AMMIRARE,ADMIRER,BEWUNDERN,鑑賞する,かんしょうする,KANSHOU SURU
27,8,CHECKS,CONFERE,VERIFICA ,CONTROLLA ,VÉRIFIE ,ÜBERPRÜFT ,彼は確認する ,かれはかくにんする ,KARE WA KAKUNIN SURU 
27,9,CASTLE,CASTELO,CASTILLO,CASTELLO,CHÂTEAU,BURG,城,しろ,SHIRO
27,10,DIG,CAVAR,CAVAR,SCAVARE,CREUSER,GRABEN,掘る,ほる,HORU
27,11,GRAB,PEGAR,AGARRAR,AFFERRARE,SAISIR,GREIFEN,掴む,つかむ,TSUKAMU
27,12,HOLE,BURACO,HUECO,BUCO,TROU,LOCH,穴,あな,ANA
27,13,INSIDE HOLE,DENTRO DO BURACO,DENTRO DEL HUECO,DENTRO DEL BUCO,DANS LE TROU,IM LOCH,穴の中,あなのなか,ANA NO NAKA
27,14,SEA SHELLS,CONCHAS,CONCHAS,CONCHIGLIE,COQUILLAGES,MUSCHELN,貝殻,かいがら,KAIGARA
27,15,SEA,MAR,MAR,MARE,MER,MEER,海,うみ,UMI
27,16,SMOOTH OUT,ALISAR,ALISAR,LISCIARE,LISER,GLATTEN,平らにする,たいらにする,TAIRA NI SURU
27,17,SOME – A LOT,ALGUNS – MUITOS,ALGUNOS – MUCHOS,ALCUNI – MOLTI,QUELQUES – BEAUCOUP,EINIGE – VIELE,少し – たくさん,すこし – たくさん,SUKOSHI – TAKUSAN
27,18,UPSIDE DOWN BUCKET,BALDE DE CABEÇA PARA BAIXO,CUBO AL REVÉS,SECCHIO CAPOVOLTO,SEAU À L’ENVERS,UMDREHENDER EIMER,逆さまのバケツ,さかさまのばけつ,SAKASAMA NO BAKETSU
27,19,SCULPTURE,ESCULTURA,ESCULTURA,SCULTURA,SCULPTURE,SKULPTUR,彫刻,ちょうこく,CHOUKOKU
27,20,SHAPES,FORMAS,FORMAS,FORME,FORMES,FORMEN,形,かたち,KATACHI
27,21,SHAPING,MODELAR,MODELAR,MODELLARE,MODELAGE,FORMEN,形成する,けいせいする,KEISEI SURU
27,22,TOWER,TORRE,TORRE,TORRE,TOUR,TURM,塔,とう,TOU
27,23,SHOVEL,PÁ,PALA,PALESTRA,PELLE,SCHAUFEL,シャベル,しゃべる,SHABERU
28,1,HEAT – COLD,QUENTE – FRIO,CALOR – FRÍO,CALDO – FREDDO,CHAUD – FROID,HEISS – KALT,熱 – 冷,あつ – つめたい,ATSU – TSUMETAI
28,2,OVEN,FORNO,HORNO,FORNO,FOUR,OFEN,オーブン,おーぶん,ŌBUN
28,3,GRAB,PEGAR,AGARRAR,AFFERRARE,SAISIR,GREIFEN,掴む,つかむ,TSUKAMU
28,4,INGREDIENTS,INGREDIENTES,INGREDIENTES,INGREDIENTI,INGRÉDIENTS,ZUTATEN,材料,ざいりょう,ZAIRYŌ
28,5,PRE – POST,ANTES – DEPOIS,ANTES – DESPUÉS,PRIMA – DOPO,AVANT – APRÈS,VOR – NACH,前 – 後,まえ – あと,MAE – ATO
28,6,FLOUR – SUGAR – EGGS,FARINHA – AÇÚCAR – OVOS,HARINA – AZÚCAR – HUEVOS,FARINA – ZUCCHERO – UOVA,FARINE – SUCRE – ŒUFS,MEHL – ZUCKER – EIER,小麦粉 – 砂糖 – 卵,こむぎこ – さとう – たまご,KOMUGIKO – SATŌ – TAMAGO
28,7,MILK,LEITE,LECHE,LATTE,LAIT,MILCH,牛乳,ぎゅうにゅう,GYŪNYŪ
28,8,BOWL,TIGELA,BOL,CIOTOLA,BOL,SCHÜSSEL,ボウル,ぼうる,BŌRU
28,9,BUTTER,MANTEIGA,MANTEQUILLA,BURRO,BEURRE,BUTTER,バター,ばたー,BATĀ
28,10,ADD,ADICIONAR,AÑADIR,AGGIUNGERE,AJOUTER,HINZUFÜGEN,加える,くわえる,KUWAERU
28,11,SUBTRACT,SUBTRAIR,RESTAR,SOTTRARRE,SOUSTRAIRE,ABZIEHEN,減らす,へらす,HERASU
28,12,STIR,MEXER,MEZCLAR,MESCOLARE,REMUER,RÜHREN,かき混ぜる,かきまぜる,KAKIMAZERU
28,13,BATTER,MASSA,MASA,IMPASTO,PÂTE,TEIG,生地,きじ,KIJI
28,14,PAN,FORMA,MOLDE,TEGLIA,MOULE,BACKFORM,型,かた,KATA
28,15,WAIT,ESPERAR,ESPERAR,ASPETTARE,ATTENDRE,WARTEN,待つ,まつ,MATSU
28,16,CHECK,CHECAR,COMPROBAR,CONTROLLARE,VÉRIFIER,PRÜFEN,確認する,かくにんする,KAKUNIN SURU
28,17,CAKE,BOLO,PASTEL,TORTA,GÂTEAU,KUCHEN,ケーキ,けーき,KĒKI
28,18,COUNTER,BALCÃO,MOSTRADOR,BANCO,COMPTOIR,THEKE,カウンター,かうんたー,KAUNTĀ
28,19,TOOTHPICK,PALITO DE DENTES,PALILLO,STUZZICADENTE,CURE-DENTS,ZAHNSTOCHER,爪楊枝,つまようじ,TSUMAYŌJI
28,20,TAKE OUT,RETIRAR,SACAR,TIRARE FUORI,SORTIR,HERAUSNEHMEN,取り出す,とりだす,TORIDASU
28,21,FROSTING,COBERTURA,GLASEADO,GLASSA,GLAÇAGE,ZUCKERGLASUR,フロスティング,ふろすてぃんぐ,FUROSUTINGU
28,22,DECORATE,DECORAR,DECORAR,DECORARE,DÉCORER,DEKORIEREN,飾る,かざる,KAZARU
