"CEFR","Grammar Point",1,2,3,4,5,6,7,8,9,10,11,12,13,14,15,16,17,18,19,20,"Answer1","Answer2","Answer3","Answer4","Answer5","Answer6","Answer7","Answer8","Answer9","Answer10","Answer11","Answer12","Answer13","Answer14","Answer15","Answer16","Answer17","Answer18","Answer19","Answer20"
"A1","To be – present tense","She ______ my sister.","He _____ the owner of the store.","I ______ a student.","They ______ friends.","He ______ very tall.","We ______ at home.","You ______ happy today.","It ______ a sunny day.","I ______ tired.","She ______ in the garden.","They ______ in the classroom.","We ______ ready to go.","He ______ a doctor.","You ______ late.","I ______ hungry.","It ______ cold today.","She ______ very kind.","They ______ not at school.","We ______ excited about the trip.","He ______ from Brazil.","is","is","am","are","is","are","are","is","am","is","are","are","is","are","am","is","is","are","are","is"
"A1","A/An","I saw ______ elephant at the zoo.","He bought ______ book from the shop.","She found ______ umbrella in the classroom.","There is ______ cat on the roof.","We spotted ______ owl near the tree.","He carried ______ bag to school.","She picked ______ apple from the basket.","I need ______ pencil to write.","He ate ______ ice cream cone.","They have ______ dog in the yard.","She saw ______ ant on the wall.","He wore ______ hat to the party.","We bought ______ orange at the market.","She met ______ teacher yesterday.","There is ______ egg in the fridge.","He wants ______ sandwich for lunch.","She owns ______ iguana as a pet.","I saw ______ lamp in the store.","He carried ______ hourglass to class.","an","a","an","a","an","a","an","a","an","a","an","a","an","a","an","a","an","a","an","a","an "
"A1","There is/There are","______ a cat on the table.","______ two cats on the sofa.","______ a book on the desk.","______ some pencils in the box.","______ an apple in the basket.","______ three chairs in the room.","______ a dog in the yard.","______ some flowers in the vase.","______ a clock on the wall.","______ two windows open.","______ a bag on the chair.","______ some toys on the floor.","______ a lamp on the nightstand.","______ a TV in the living room.","______ a phone on the table.","______ a car in the garage.","______ a window open.","______ some papers on the desk.","______ a towel in the bathroom.","______ two cups on the table.","There is","There are","There is","There are","There is","There are","There is","There are","There is","There are","There is","There are","There is","There is","There is","There is","There is","There are","There is","There are"
"A1","This/That; These/Those","______ is my phone.","______ are my keys.","______ is her bag.","______ are our friends.","______ is his hat.","______ are your shoes.","______ is the teacher.","______ are the students.","______ is the book I need.","______ are the pictures on the wall.","______ is my notebook.","______ are my pens.","______ is that car.","______ are those trees.","______ is this chair.","______ are these cups.","______ is that dog.","______ are those birds.","______ is this lamp.","______ are these plates.","This","These","That","Those","That","Those","This","These","This","Those","This","These","That","Those","This","These","That","Those","This","These"
"A1","Present continuous tense","They ______ watching TV.","She ______ reading a book.","I ______ eating dinner.","We ______ playing football.","He ______ cooking in the kitchen.","You ______ listening to music.","They ______ studying for exams.","She ______ writing a letter.","I ______ drinking water.","We ______ swimming in the pool.","He ______ driving to work.","You ______ learning English.","They ______ dancing at the party.","She ______ singing a song.","I ______ doing my homework.","We ______ talking on the phone.","He ______ watching a movie.","You ______ running in the park.","They ______ painting the wall.","She ______ drawing a picture.","are","is","am","are","is","are","are","is","am","are","is","are","are","is","am","are","is","are","are","is"
"A1","Simple present tense","He ______ coffee every morning.","She ______ to school by bus.","I ______ breakfast at 7 a.m.","We ______ in the park on Sundays.","He ______ football after school.","You ______ English very well.","They ______ in a big house.","She ______ her homework every day.","I ______ water every morning.","We ______ TV in the evening.","He ______ music loudly.","You ______ very fast.","They ______ in the library.","She ______ flowers in the garden.","I ______ my room every week.","We ______ together on weekends.","He ______ tea in the morning.","You ______ books every night.","They ______ lunch at noon.","She ______ dresses very nicely.","drinks","goes","eat","play","plays","speak","live","does","drink","watch","listens","run","study","plants","clean","meet","drinks","read","have","wears"
"A1","To be – past tense","We ______ tired yesterday.","He ______ at home last night.","She ______ happy yesterday.","I ______ late for school.","They ______ in the garden.","You ______ at the party.","It ______ cold yesterday.","We ______ busy last week.","He ______ hungry an hour ago.","She ______ sad yesterday.","I ______ excited about the trip.","They ______ in the classroom.","You ______ tired yesterday.","He ______ at the office.","She ______ in the kitchen.","I ______ sleepy yesterday.","We ______ at the park.","You ______ at home.","They ______ on vacation.","It ______ sunny yesterday.","were","was","was","was","were","were","was","were","was","was","was","were","were","was","was","was","were","were","were","was"
"A1","Interrogative words","______ are you doing?","______ is your name?","______ do you live?","______ is he?","______ are they going?","______ did you say?","______ is this for?","______ time is it?","______ are we waiting?","______ is coming to the party?","______ can help me?","______ are those people?","______ did she call?","______ is your favorite color?","______ is knocking at the door?","______ are you talking to?","______ did they arrive?","______ is playing the piano?","______ do you want to eat?","______ is your best friend?","What","What","Where","Who","Where","What","What","What","Why","Who","Who","Who","When","What","Who","Who","When","Who","What","Who"
"A2","Position/meaning of “too”","I like ice cream, and my sister does ______.","He enjoys reading novels, and his friends do ______.","The coffee is ______ hot to drink.","She was ______ tired to continue studying.","This bag is ______ heavy for me to carry.","He is ______ young to drive a car.","The box is ______ large to fit in the trunk.","This room is ______ small for all of us.","The movie was ______ long for my liking.","I ______ want to go to the concert.","She ______ can join the team if she wants.","Too many people attended the party.","Too often we forget to say thank you.","I am learning French, and my brother is learning Spanish ______.","The soup is ______ cold to eat.","The hill is ______ steep to climb.","She is ______ nervous to speak in public.","They were ______ excited to start the trip.","This shirt is ______ tight to wear.","He was ______ weary to continue walking.","too","too","too","too","too","too","too","too","too","too","too","too","too","too","too","too","too","too","too","too"
"A2","Very / too / so","She is ______ tired today.","He is ______ happy to see you.","The soup is ______ hot.","The movie is ______ interesting.","The book is ______ boring.","They are ______ excited.","I am ______ hungry.","The shoes are ______ small.","The dress is ______ beautiful.","The weather is ______ cold.","The room is ______ big.","The test is ______ difficult.","She is ______ kind.","He is ______ smart.","The music is ______ loud.","The cake is ______ sweet.","The water is ______ cold.","The hill is ______ steep.","I am ______ sleepy.","They are ______ friendly.","too","so","very","very","too","so","too","very","so","too","very","too","very","so","too","very","too","so","too","very"
"A1","Imperative sentences","______ the window, please.","______ your hands before eating.","______ quiet in the library.","______ the door when you leave.","______ me your book.","______ careful on the stairs.","______ the lights off.","______ your homework now.","______ to your teacher.","______ the table after dinner.","______ your bag on the floor.","______ fast to catch the bus.","______ the music down.","______ a pencil from the box.","______ your shoes by the door.","______ your seatbelt.","______ the letter to me.","______ the TV off.","______ in line, please.","______ water before drinking.","Open","Wash","Be","Close","Show","Be","Turn","Do","Listen","Clear","Put","Run","Turn","Take","Leave","Fasten","Give","Switch","Stand","Drink"
"A1","Can / cannot","She ______ swim.","He ______ play the piano.","I ______ ride a bike.","They ______ speak English.","We ______ run fast.","You ______ read this book.","It ______ fly.","She ______ draw very well.","He ______ drive a car.","I ______ cook dinner.","They ______ open the door.","We ______ solve the problem.","You ______ sing.","She ______ lift this box.","He ______ write neatly.","I ______ understand this.","They ______ play football.","We ______ catch the ball.","She ______ play chess.","He ______ answer the question.","can","can","can","can","can","can","can","can","can","can","can","can","can","can","can","can","can","can","can","can"
"A2","Nouns in groups","A ______ of grapes is on the table.","A ______ of birds flew over the park.","A ______ of students are in the classroom.","A ______ of books is on the shelf.","A ______ of sheep is in the field.","A ______ of keys is on the desk.","A ______ of cars is in the parking lot.","A ______ of flowers is in the vase.","A ______ of apples is in the basket.","A ______ of dogs ran in the park.","A ______ of chairs is in the hall.","A ______ of fish is in the tank.","A ______ of stars is visible tonight.","A ______ of people waited at the station.","A ______ of coins is on the table.","A ______ of letters arrived today.","A ______ of clouds covered the sky.","A ______ of musicians played at the concert.","A ______ of lions slept under the tree.","A ______ of pencils is on the desk.","bunch","flock","class","stack","flock","bunch","fleet","bouquet","basket","pack","row","school","cluster","crowd","pile","collection","group","band","pride","set"
"A1","Present continuous (duplicate removed; using future meaning)","I ______ meeting him tomorrow.","She ______ visiting her grandmother next week.","They ______ going to the cinema tonight.","He ______ playing football on Saturday.","We ______ having a party on Sunday.","You ______ seeing the doctor at 3 p.m.","It ______ raining later today.","I ______ starting my new job on Monday.","She ______ cooking dinner tonight.","They ______ leaving early tomorrow.","He ______ meeting his friends after class.","We ______ traveling next month.","You ______ attending the meeting.","I ______ buying a new laptop tomorrow.","She ______ taking the train to the city.","They ______ practicing for the concert.","He ______ finishing his homework later.","We ______ planting flowers in the garden.","You ______ watching the new movie tonight.","I ______ calling my friend this evening.","am","is","are","is","are","are","is","am","is","are","is","are","are","am","is","are","is","are","are","am"
"A2","Who (question word)","______ is that man?","______ called you yesterday?","______ is knocking at the door?","______ told you the news?","______ is your best friend?","______ is sitting over there?","______ invited you to the party?","______ is playing the guitar?","______ helped you with your homework?","______ is wearing the red hat?","______ is the teacher of this class?","______ phoned you last night?","______ is responsible for this project?","______ is speaking now?","______ is next in line?","______ answered the question?","______ is standing at the window?","______ did you meet at the park?","______ is going to the market?","______ is coming to the meeting?","Who","Who","Who","Who","Who","Who","Who","Who","Who","Who","Who","Who","Who","Who","Who","Who","Who","Who","Who","Who"
"B1","Who (relative pronoun)","The woman ______ lives next door is a doctor.","The man ______ helped me is very kind.","The teacher ______ teaches English is strict.","The boy ______ won the race is my cousin.","The singer ______ performed last night was amazing.","The student ______ answered first was confident.","The author ______ wrote this book is famous.","The player ______ scored the goal is my friend.","The doctor ______ treated me is friendly.","The woman ______ called yesterday is my aunt.","The man ______ lives in that house is a lawyer.","The actor ______ plays the main role is talented.","The girl ______ sings in the choir is my neighbor.","The student ______ studies hard will pass.","The person ______ organized the event did a great job.","The woman ______ owns the shop is kind.","The man ______ fixed my car is reliable.","The boy ______ helped me carries my bag.","The teacher ______ explained the lesson clearly is helpful.","The man ______ called this morning is my uncle.","who","who","who","who","who","who","who","who","who","who","who","who","who","who","who","who","who","who","who","who"
"A2","Possessive case of nouns","This is ______ car.","That is ______ house.","I like ______ dog.","We visited ______ school.","She borrowed ______ pen.","He painted ______ room.","They cleaned ______ bikes.","I saw ______ mother yesterday.","She called ______ brother.","He fixed ______ computer.","We enjoyed ______ party.","The cat played with ______ toy.","I borrowed ______ book.","They watched ______ friends’ movie.","He showed ______ pictures.","She opened ______ bag.","I visited ______ grandmother.","They painted ______ house.","He borrowed ______ shoes.","She admired ______ garden.","John’s","Mary’s","my","our","her","his","their","my","her","his","our","its","my","their","his","her","my","their","his","her"
"A1","Simple present – affirmative","They ______ to school by bus.","She ______ coffee every morning.","I ______ English at school.","He ______ football on Sundays.","We ______ lunch at 1 p.m.","You ______ books every day.","It ______ a lot of noise here.","They ______ in the park.","She ______ her homework.","I ______ to music.","He ______ TV in the evening.","We ______ water every day.","You ______ fast.","They ______ on Fridays.","She ______ the piano.","I ______ my friends on weekends.","He ______ his bike to work.","We ______ milk.","You ______ every Sunday.","They ______ their dog.","go","drinks","study","plays","have","read","makes","walk","does","listen","watches","drink","run","work","plays","meet","rides","drink","walk","feed"
"A1","Simple present – neg. / interrogative","___ you like pizza?","She ___ drink coffee every morning.","___ he play football?","They ___ go to school by bus.","___ we have enough time?","I ___ need help.","___ it rain often here?","You ___ read this book.","___ she watch TV in the evening?","He ___ study English.","___ they enjoy music?","We ___ eat lunch now.","___ I open the window?","You ___ understand the question.","___ she like chocolate?","He ___ ride a bike.","___ they live in this town?","We ___ watch the movie tonight.","___ I call my friend?","It ___ work properly.","Do","doesn’t","Does","don’t","Do","don’t","Does","don’t","Does","doesn’t","Do","don’t","Do","don’t","Does","doesn’t","Do","don’t","Do","doesn’t"
"A2","Too / Either","I can’t go, and he can’t ______.","She doesn’t like pizza, and I don’t ______.","He isn’t coming, and we aren’t ______.","They didn’t finish, and I didn’t ______.","I haven’t seen the movie, and she hasn’t ______.","You don’t need it, and I don’t ______.","He can’t swim, and she can’t ______.","I don’t want tea, and he doesn’t ______.","She hasn’t done her homework, and I haven’t ______.","We aren’t ready, and they aren’t ______.","I don’t like cats, and he doesn’t ______.","He isn’t listening, and she isn’t ______.","I can’t reach it, and you can’t ______.","They don’t agree, and we don’t ______.","She can’t come, and he can’t ______.","I haven’t met him, and she hasn’t ______.","He doesn’t know, and I don’t ______.","I’m not going, and they aren’t ______.","She can’t open it, and I can’t ______.","They don’t want it, and we don’t ______.","either","either","either","either","either","either","either","either","either","either","either","either","either","either","either","either","either","either","either","either"
"A2","Have to","I ______ finish my homework.","She ______ go to school every day.","We ______ clean our room.","He ______ study for the test.","They ______ wake up early.","You ______ bring your ID.","I ______ call my mother.","She ______ take the bus.","We ______ submit the report.","He ______ practice piano.","They ______ do their chores.","You ______ pay the bills.","I ______ buy groceries.","She ______ read the book.","We ______ attend the meeting.","He ______ exercise daily.","They ______ finish the project.","You ______ wear a uniform.","I ______ send an email.","She ______ visit the doctor.","have to","has to","have to","has to","have to","have to","have to","has to","have to","has to","have to","have to","have to","has to","have to","has to","have to","have to","have to","has to"
"A1","To be (age)","She ______ 10 years old.","He ______ 8 years old.","I ______ 12 years old.","They ______ 9 years old.","We ______ 11 years old.","You ______ 7 years old.","It ______ 5 years old.","She ______ 6 years old.","He ______ 13 years old.","I ______ 14 years old.","They ______ 10 years old.","We ______ 15 years old.","You ______ 12 years old.","She ______ 9 years old.","He ______ 11 years old.","I ______ 13 years old.","They ______ 8 years old.","We ______ 14 years old.","You ______ 10 years old.","She ______ 7 years old.","is","is","am","are","are","are","is","is","is","am","are","are","are","is","is","am","are","are","are","is"
"A1","Personal pronouns","______ am learning English.","______ is my friend.","______ are happy today.","______ love pizza.","______ is reading a book.","______ are playing outside.","______ like music.","______ is cooking dinner.","______ are watching TV.","______ am going to school.","______ is sleeping.","______ are eating lunch.","______ like ice cream.","______ is studying.","______ are dancing.","______ like football.","______ is swimming.","______ are listening to music.","______ like painting.","______ is talking on the phone.","I","He","We","I","She","They","We","She","They","I","He","We","I","She","They","We","He","They","I","She"
"A2","One another / each other","They love ______.","We help ______ every day.","The friends called ______ yesterday.","The students share books with ______.","The neighbors greet ______.","My siblings fight with ______ sometimes.","The teachers support ______.","The team congratulated ______.","The couple look after ______.","The children play with ______.","The classmates copied from ______.","The friends text ______ often.","They laughed at ______ jokes.","We asked ______ questions.","The players passed the ball to ______.","The colleagues respect ______.","The family members care for ______.","The roommates borrow from ______.","The team encourages ______.","The neighbors invite ______ to parties.","each other","one another","each other","one another","each other","one another","each other","one another","each other","each other","one another","each other","one another","each other","each other","one another","each other","one another","each other","one another"
"A2","What a/an - How!","______ wonderful day!","______ beautiful sunset!","______ amazing show!","______ delicious meal!","______ lovely weather!","______ exciting match!","______ fantastic trip!","______ lovely garden!","______ interesting book!","______ great idea!","______ funny joke!","______ excellent performance!","______ brilliant plan!","______ lovely party!","______ incredible view!","______ nice surprise!","______ amazing opportunity!","______ wonderful experience!","______ fantastic news!","______ lovely painting!","What a","What a","What a","What a","What a","What a","What a","What a","What a","What a","What a","What a","What a","What a","What a","What a","What a","What a","What a","What a"
"A2","Simple past tense","They ______ the movie yesterday.","She ______ her homework last night.","I ______ to the store yesterday.","He ______ football on Sunday.","We ______ a cake for her birthday.","You ______ late for the meeting.","It ______ very cold yesterday.","They ______ to the park last week.","She ______ a letter to her friend.","I ______ my keys yesterday.","He ______ a book last night.","We ______ dinner together.","You ______ the bus yesterday.","They ______ a new song.","She ______ her room yesterday.","I ______ a phone call yesterday.","He ______ the test.","We ______ a movie last night.","You ______ breakfast early.","They ______ a present for him.","watched","did","went","played","baked","were","was","walked","wrote","lost","read","had","missed","sang","cleaned","made","took","watched","ate","bought"
"B1","Beside / Besides","She sat ______ her best friend during the class.","The lamp is ______ the bed.","There is a small park ______ the river.","He stood ______ his mother in the photo.","The dog sleeps ______ the fireplace.","I put my bag ______ the chair.","A beautiful garden is ______ the house.","She placed her phone ______ her notebook.","The teacher stood ______ the blackboard.","He parked his car ______ mine.","______ English, she speaks French and Spanish.","I don’t want to go out; ______, it’s raining.","______ pizza, they ordered some salads.","No one came to the meeting ______ the manager.","______ studying, he works part-time.","I have no money, and ______, I’m very tired.","______ football, he likes basketball and tennis.","There’s nothing to do here, ______ walking in the park.","______ her, nobody knows the answer.","He doesn’t like horror movies; ______, he is scared easily.","beside","beside","beside","beside","beside","beside","beside","beside","beside","beside","besides","besides","besides","besides","besides","besides","besides","besides","besides","besides"
"B1","Past continuous tense","They ______ sleeping when I called.","I ______ reading a book at 8 pm.","He ______ playing football all afternoon.","She ______ cooking dinner when I arrived.","We ______ watching TV yesterday.","You ______ studying at 10 pm last night.","The kids ______ playing in the garden.","He ______ driving to work when it started raining.","She ______ listening to music when I knocked.","I ______ walking home at that time.","They ______ eating breakfast at 7 am.","We ______ talking on the phone.","He ______ writing an email when she came.","She ______ dancing at the party.","I ______ sleeping when the phone rang.","You ______ working on your project.","The dog ______ barking loudly.","They ______ swimming in the pool.","He ______ reading the newspaper.","She ______ cleaning her room.","were","was","was","was","were","were","were","was","was","was","were","were","was","was","was","were","was","were","was","was"
"A1","Possessive adjectives/pronouns","This is ______ book.","That is ______ car.","I like ______ house.","She loves ______ dog.","We cleaned ______ room.","He found ______ wallet.","They lost ______ keys.","You need ______ coat.","It’s ______ toy.","I can’t find ______ pen.","She borrowed ______ umbrella.","He is proud of ______ son.","We are moving to ______ new apartment.","You should bring ______ notebook.","I will visit ______ grandmother.","This is not ______ problem.","They decorated ______ house.","She broke ______ phone.","He is fixing ______ bike.","That belongs to ______ friend.","my","your","my","her","our","his","their","your","its","my","her","his","our","your","my","your","their","her","his","my"
"B1","Rob / Steal","Someone ______ my wallet.","They ______ the bank last night.","He ______ a watch from the shop.","She ______ the money from the drawer.","Thieves ______ the museum yesterday.","He ______ my idea.","Someone ______ my bag at school.","They ______ the painting from the gallery.","He ______ her phone.","The kids ______ the cookies.","Thieves ______ the jewelry.","Someone ______ the laptop.","He ______ the documents.","She ______ his lunch.","They ______ my bicycle.","He ______ my identity.","Someone ______ my shoes.","Thieves ______ the cash.","He ______ my keys.","She ______ the painting.","stole","robbed","stole","robbed","robbed","stole","stole","robbed","stole","stole","robbed","stole","stole","stole","stole","robbed","stole","robbed","stole","stole"
"A2","Possessive case of nouns ","The ______ color is blue.","I like my ______ dog.","That is my sister ______ house.","We borrowed our neighbor ______ bicycle.","She found the teacher ______ pen.","He cleaned his brother ______ room.","I admired the artist ______ painting.","This is my mother ______ bag.","She opened her father ______ door.","He repaired his cousin ______ bike.","The cat chased the baby ______ toy.","We watched our friend ______ movie.","He read his brother ______ book.","They visited their aunt ______ garden.","She painted her teacher ______ classroom.","I borrowed my neighbor ______ ladder.","He fixed his father ______ car.","We enjoyed our cousin ______ party.","She cleaned her sister ______ kitchen.","He returned the neighbor ______ tools.","car’s","friend’s","sister’s","neighbor’s","teacher’s","brother’s","artist’s","mother’s","father’s","cousin’s","baby’s","friend’s","brother’s","aunt’s","teacher’s","neighbor’s","father’s","cousin’s","sister’s","neighbor’s"
"B2","Double possessive","She is a good friend ______.","That book is a gift ______.","He is a colleague ______.","This painting is a copy ______.","She is a cousin ______.","He is a mentor ______.","That car is a present ______.","She is a neighbor ______.","He is a partner ______.","This idea is a suggestion ______.",,,,,,,,,,,"of mine","of hers","of his","of theirs","of hers","of his","of ours","of hers","of his","of theirs",,,,,,,,,,
"B1","Reflexive / emphasizing pronouns","He did it ______.","She made the cake ______.","I painted the room ______.","They solved the problem ______.","We organized the party ______.","You can help yourself ______.","The cat cleaned ______.","He looked at himself ______.","She enjoyed ______ at the party.","I taught myself ______.","They blamed themselves ______.","We congratulated ourselves ______.","He injured himself ______.","She dressed ______ quickly.","I promised myself ______.","He prepared the meal ______.","She read the book ______.","I enjoyed ______ at the concert.","They reminded themselves ______.","We introduced ourselves ______.","himself","herself","myself","themselves","ourselves","yourself","itself","himself","herself","myself","themselves","ourselves","himself","herself","myself","himself","herself","myself","themselves","ourselves"
"B1","Gerund after prepositions","She left without ______ goodbye.","He apologized for ______ late.","They succeeded in ______ the task.","I am interested in ______ new languages.","She insisted on ______ her opinion.","He is afraid of ______ in public.","We talked about ______ the problem.","I look forward to ______ you.","She is good at ______ puzzles.","They accused him of ______ the rules.","We are tired of ______ the same mistakes.","He dreams of ______ a musician.","I am worried about ______ getting lost.","She is excited about ______ to Italy.","They are capable of ______ the project alone.","I am committed to ______ every day.","She confessed to ______ the truth.","He succeeded in ______ his fears.","We objected to ______ unfairly treated.","She apologized for ______ late.","saying","being","completing","learning","giving","speaking","arguing","seeing","solving","breaking","making","getting","traveling","finishing","leading","working","telling","overcoming","being","arriving"
"A2","Much / Many","How ______ apples do you have?","How ______ milk is in the fridge?","How ______ books are on the shelf?","How ______ sugar do you need?","How ______ chairs are in the room?","How ______ water do we need?","How ______ pens are in the box?","How ______ bread is left?","How ______ oranges did you buy?","How ______ rice do we have?","How ______ students are in your class?","How ______ money do you have?","How ______ bottles are on the table?","How ______ homework do you have?","How ______ sandwiches are in the bag?","How ______ juice is in the bottle?","How ______ friends do you have?","How ______ cheese is in the fridge?","How ______ chairs are outside?","How ______ tea do you want?","many","much","many","much","many","much","many","much","many","much","many","much","many","much","many","much","many","much","many","much"
"A2","Little / Few","I have ______ money left.","There are ______ apples in the basket.","She has ______ friends in this town.","We have ______ sugar for the recipe.","He has ______ books on the shelf.","I drank ______ water this morning.","They have ______ chairs in the room.","She has ______ patience with children.","I bought ______ oranges at the market.","There is ______ milk in the fridge.","We have ______ toys for the party.","He has ______ homework today.","She has ______ coins in her purse.","I have ______ energy after work.","They have ______ pens in the box.","We have ______ bread left.","He has ______ ideas for the project.","She has ______ coffee in the cup.","I saw ______ birds in the garden.","We have ______ time to finish.","little","few","few","little","few","little","few","little","few","little","few","little","few","little","few","little","few","little","few","little"
"A2","A little / A few","I need ______ minutes.","She bought ______ apples.","There is ______ milk in the fridge.","We have ______ chairs in the room.","He has ______ money left.","I need ______ sugar for the tea.","They have ______ friends coming.","She wants ______ juice.","I have ______ pencils in my bag.","There is ______ bread on the table.","He needs ______ time to finish.","We bought ______ oranges.","She poured ______ water into the glass.","I saw ______ birds in the garden.","They have ______ coins in the jar.","I need ______ eggs for the recipe.","She has ______ ideas for the project.","We have ______ chairs in the kitchen.","He added ______ salt to the soup.","I found ______ books in the library.","a few","a few","a little","a few","a little","a little","a few","a little","a few","a little","a little","a few","a little","a few","a few","a few","a few","a few","a little","a few"
"B1","Too much / Too many","There are ______ people here.","He put ______ sugar in the coffee.","She has ______ books on her desk.","There is ______ water in the bottle.","We ate ______ cakes at the party.","I drank ______ coffee this morning.","They have ______ chairs in the room.","She spent ______ money on clothes.","There are ______ cars in the street.","He ate ______ chocolate.","I saw ______ students in the hall.","We bought ______ apples at the market.","She added ______ salt to the soup.","There is ______ milk left.","He has ______ homework to do.","I have ______ friends in town.","They put ______ juice in the fridge.","There is ______ noise outside.","She owns ______ dresses.","We have ______ bread in the basket.","too many","too much","too many","too much","too many","too much","too many","too much","too many","too much","too many","too many","too much","too much","too much","too many","too much","too much","too many","too much"
"B1","So much / many","She has ______ work today.","He ate ______ food at lunch.","There are ______ people in the room.","I have ______ homework to do.","She has ______ friends in the class.","He spent ______ money on clothes.","We have ______ chairs in the hall.","She drank ______ water after running.","There are ______ cars on the street.","I bought ______ books yesterday.","They have ______ apples in the basket.","He did ______ exercises in the gym.","She owns ______ dresses.","We have ______ sugar for the cake.","I have ______ ideas for the project.","They made ______ mistakes in the report.","She found ______ coins on the street.","There is ______ milk in the fridge.","He received ______ letters today.","We have ______ chairs in the kitchen.","so much","so much","so many","so much","so many","so much","so many","so much","so many","so many","so many","so much","so many","so much","so many","so many","so many","so much","so many","so many"
"A2","How much / many","______ water do we need?","______ apples are in the basket?","______ sugar is in the jar?","______ chairs are in the room?","______ milk is in the fridge?","______ oranges did you buy?","______ rice do we have?","______ pens are on the desk?","______ bread is left?","______ bottles are on the table?","______ students are in your class?","______ money do you have?","______ books are on the shelf?","______ juice is in the bottle?","______ friends do you have?","______ cheese is in the fridge?","______ chairs are outside?","______ tea do you want?","______ cookies are in the jar?","______ butter is in the fridge?","How much","How many","How much","How many","How much","How many","How much","How many","How much","How many","How many","How much","How many","How much","How many","How much","How many","How much","How many","How much"
"B2","Omission of “that”","She said ______ she was tired.","He told me ______ he would come.","I thought ______ it was a good idea.","They mentioned ______ they were leaving.","She promised ______ she would help.","He believes ______ he can do it.","I knew ______ it was dangerous.","We assumed ______ they were ready.","She admitted ______ she was wrong.","He explained ______ he was late.","I remembered ______ I had an appointment.","They reported ______ the meeting was canceled.","She told him ______ she was busy.","He assumed ______ it was fine.","I realized ______ I forgot my wallet.","We thought ______ it was necessary.","She claimed ______ she saw it first.","He mentioned ______ he was nervous.","I believed ______ it was true.","They agreed ______ it was correct.","that/omit","that/omit","that/omit","that/omit","that/omit","that/omit","that/omit","that/omit","that/omit","that/omit","that/omit","that/omit","that/omit","that/omit","that/omit","that/omit","that/omit","that/omit","that/omit","that/omit"
"B2","Different uses of “one” (numerical / general / pronoun)","I need ______ more day.","She bought ______ apple at the market.","He waited for ______ hour.","We have only ______ chance left.","______ must be careful when crossing the street.","One can’t live without love.","Choose ______ from the list.","I lost that ______.","This ______ is mine.","Can you give me the red ______?","That ______ over there is old.","I prefer the bigger ______.","I read ______ book last week.","He found ______ coin on the floor.","Take ______ letter from the envelope.","Which ______ do you want?","She wants ______ slice of cake.","He drank ______ glass of water.","I saw a similar ______ yesterday.","I completed ______ task.","one","one","one","one","one","one","one","one","one","one","one","one","one","one","one","one","one","one","one","one"
"C1","Indefinite personal “one”","______ should always be honest.","______ must take responsibility for their actions.","______ cannot ignore the consequences of their choices.","______ should respect other people’s opinions.","______ must keep promises made to others.","______ should learn from their mistakes.","______ must plan carefully before making decisions.","______ cannot rely on luck alone.","______ should consider the long-term effects of their actions.","______ must remain calm in difficult situations.","______ should adapt to change when necessary.","______ must be aware of cultural differences.","______ should take care of their health.","______ must act ethically in professional life.","______ should strive to improve continuously.","______ must be mindful of their language and tone.","______ should listen carefully before responding.","______ must balance work and personal life.","______ should express opinions clearly.","______ must respect rules and regulations.","One","One","One","One","One","One","One","One","One","One","One","One","One","One","One","One","One","One","One","One"
"B1","Indefinite pronouns","______ called you last night.","I need ______ to help me.","Did ______ see my keys?","______ is waiting outside.","There’s ______ at the door.","I don’t want ______ to know.","______ told me the news.","Can ______ explain this to me?","______ was happy about the results.","I met ______ interesting yesterday.","I don’t have ______ to write with.","______ can join the meeting.","______ has been using my computer.","I would like ______ to answer.","______ knows the answer.","I saw ______ in the park.","______ will help you if you ask.","Did ______ call while I was out?","I’m looking for ______ special.","______ is responsible for this.","Someone","Someone","Anyone","Everyone","Someone","Anyone","Someone","Anyone","Everyone","Someone","Anyone","Anyone","Someone","Someone","Everyone","Someone","Anyone","Anyone","Someone","Someone"
"A2","Adverbs of Manner","She sings ______.","He runs ______.","She writes ______.","He speaks ______.","The baby sleeps ______.","The dog barked ______.","They danced ______.","He answered the question ______.","She smiled ______.","The teacher explained ______.","I cooked ______.","He drove ______.","The children played ______.","She studied ______.","He jumped ______.","She painted ______.","The cat moved ______.","He laughed ______.","She listened ______.","They worked ______.","beautifully","quickly","neatly","clearly","peacefully","loudly","gracefully","correctly","happily","carefully","well","fast","noisily","attentively","high","carefully","silently","heartily","attentively","hard"
"B1","By + -ing","You improve English by ______ every day.","She lost weight by ______ regularly.","He got better at chess by ______ online.","They saved money by ______ carefully.","We learned Spanish by ______ with native speakers.","I stayed healthy by ______ every morning.","She advanced in her career by ______ hard.","He solved the problem by ______ step by step.","They won the game by ______ together.","I remembered the rules by ______ repeatedly.","She stayed calm by ______ slowly.","He fixed the bike by ______ carefully.","We passed the exam by ______ consistently.","They improved their skills by ______ daily.","I reduced stress by ______ meditation.","She caught the mistake by ______ carefully.","He became fluent by ______ every day.","They reached their goal by ______ together.","I completed the project by ______ steadily.","She avoided mistakes by ______ attentively.","practicing","exercising","playing","budgeting","speaking","jogging","working","thinking","cooperating","repeating","breathing","tightening","studying","training","doing","observing","reading","collaborating","working","listening"
"A2","Modal: can / could","She ______ ride a bike when she was five.","He ______ swim very well.","I ______ solve the problem yesterday.","They ______ come to the party last week.","We ______ hear the music from outside.","You ______ open the window.","She ______ speak French when she was young.","He ______ run fast when he was a child.","I ______ finish my homework on time.","They ______ lift the heavy box.","We ______ see the mountains clearly.","You ______ call me later.","She ______ read at age four.","He ______ play the piano when he was eight.","I ______ answer all the questions.","They ______ visit the museum yesterday.","We ______ understand the instructions.","You ______ touch the hot surface.","She ______ remember his name.","He ______ do it alone.","could","can","could","could","could","can","could","could","could","could","could","can","could","could","could","could","could","can","could","could"
"A2","Modal: may / might","It ______ rain later.","She ______ be at the library.","He ______ join us for dinner.","They ______ come to the meeting.","We ______ visit Paris next year.","You ______ feel better soon.","I ______ forget to call him.","The train ______ be late.","He ______ need some help.","She ______ change her mind.","It ______ snow tonight.","They ______ not know the answer.","We ______ go shopping tomorrow.","I ______ be wrong about that.","He ______ bring his friends.","She ______ like the gift.","It ______ take a while.","You ______ enjoy the movie.","We ______ see him later.","They ______ arrive early.","might","may","might","might","might","may","might","might","might","might","might","might","might","might","might","might","might","may","might","might"
"A2","Tit for tat (Can / May)","______ I borrow your pen?","______ I open the window?","______ I sit here?","______ I use your phone?","______ I have some water?","______ I ask a question?","______ I read this book?","______ I take a photo?","______ I join the class?","______ I try the dessert?","______ I leave early?","______ I help you?","______ I look at your notes?","______ I write on the board?","______ I bring my friend?","______ I check my email?","______ I turn on the light?","______ I answer first?","______ I use your computer?","______ I borrow your notebook?","May","Can","May","Can","May","Can","May","Can","May","Can","May","Can","May","Can","May","Can","May","Can","May","Can"
"A2","Future tense (will)","I ______ call you tomorrow.","She ______ come to the party.","He ______ help us later.","They ______ arrive soon.","We ______ finish the project next week.","You ______ see him later.","I ______ answer the email.","She ______ meet us at 5 p.m.","He ______ start the job tomorrow.","They ______ join the meeting.","We ______ travel next month.","I ______ bring the documents.","She ______ send the message.","He ______ explain everything.","They ______ buy a new car.","We ______ visit our grandparents.","I ______ cook dinner tonight.","She ______ pick up the kids.","He ______ call you back.","They ______ enjoy the show.","will","will","will","will","will","will","will","will","will","will","will","will","will","will","will","will","will","will","will","will"
"A2","Be + going to","They ______ travel next week.","I ______ start a new job.","She ______ visit her friend.","He ______ watch a movie tonight.","We ______ have a meeting tomorrow.","You ______ read that book.","I ______ cook dinner later.","She ______ buy a new dress.","He ______ play football this weekend.","They ______ clean the house.","We ______ go shopping.","I ______ call my parents.","She ______ take a taxi.","He ______ fix the computer.","They ______ paint the room.","We ______ organize a party.","I ______ study English.","She ______ attend the class.","He ______ meet his colleague.","They ______ enjoy the concert.","are going to","am going to","is going to","is going to","are going to","are going to","am going to","is going to","is going to","are going to","are going to","am going to","is going to","is going to","are going to","are going to","am going to","is going to","is going to","are going to"
"A2","Present Continuous (future)","I ______ ______ tonight.","She ______ ______ her friend tomorrow.","He ______ ______ a new course next week.","They ______ ______ to Spain on Monday.","We ______ ______ a party this weekend.","You ______ ______ your grandparents soon.","I ______ ______ the doctor tomorrow.","She ______ ______ a new phone.","He ______ ______ football next Saturday.","They ______ ______ the house tomorrow.","We ______ ______ shopping later.","I ______ ______ my sister tonight.","She ______ ______ a taxi at 6 p.m.","He ______ ______ the car tomorrow.","They ______ ______ their room next week.","We ______ ______ a picnic on Sunday.","I ______ ______ for the test tomorrow.","She ______ ______ the meeting later.","He ______ ______ his colleague tomorrow.","They ______ ______ the concert next Friday.","am leaving","is meeting","is starting","are traveling","are having","are visiting","am seeing","is buying","is playing","are cleaning","are going","am calling","is taking","is fixing","are painting","are organizing","am studying","is attending","is meeting","are enjoying"
"B1","Future Continuous","This time tomorrow, I ______ ______ to London.","She ______ ______ at the meeting at 9 a.m.","He ______ ______ dinner when we arrive.","They ______ ______ football this afternoon.","We ______ ______ on the train at noon.","You ______ ______ at your desk later.","I ______ ______ TV in the evening.","She ______ ______ her homework at 8 p.m.","He ______ ______ in the garden tomorrow.","They ______ ______ their project all day.","We ______ ______ at the airport at this time.","I ______ ______ my email later.","She ______ ______ the presentation.","He ______ ______ a book when you call.","They ______ ______ in the park at noon.","We ______ ______ dinner at 7 p.m.","I ______ ______ in the office tomorrow morning.","She ______ ______ music in her room.","He ______ ______ with his friends tonight.","They ______ ______ for the exam all week.","will be flying","will be speaking","will be having","will be playing","will be traveling","will be working","will be watching","will be doing","will be gardening","will be completing","will be waiting","will be checking","will be giving","will be reading","will be running","will be eating","will be sitting","will be listening","will be hanging out","will be studying"
"A2","Will you / Shall I / Shall we","______ we start now?","______ I open the window?","______ you help me with this?","______ we go for a walk?","______ I call her?","______ you turn off the lights?","______ we wait a bit longer?","______ I take a message?","______ you pass me the salt?","______ we meet at 6 p.m.?","______ I bring some drinks?","______ you write an email?","______ we begin the lesson?","______ I carry this bag?","______ you check the door?","______ we leave now?","______ I explain the rules?","______ you answer the phone?","______ we continue later?","______ I give you some advice?","Shall","Shall","Will","Shall","Shall","Will","Shall","Shall","Will","Shall","Shall","Will","Shall","Shall","Will","Shall","Shall","Will","Shall","Shall"
"B1","Would / Used to","I ______ live in Brazil when I was a child.","She ______ go to the beach every summer.","He ______ play football after school.","They ______ visit their grandparents on Sundays.","We ______ have picnics in the park.","You ______ read a lot when you were younger.","I ______ watch cartoons every morning.","She ______ bake cookies with her mother.","He ______ take long walks in the evening.","They ______ celebrate Christmas together.","We ______ play hide-and-seek as kids.","I ______ dream of becoming a pilot.","She ______ sing in the school choir.","He ______ ride his bike to school.","They ______ tell stories at bedtime.","We ______ eat ice cream every weekend.","I ______ collect stamps as a child.","She ______ write letters to her friends.","He ______ help his father in the garden.","They ______ laugh a lot during holidays.","used to","would","would","used to","would","used to","would","used to","would","used to","would","used to","would","used to","would","used to","would","used to","would","used to"
"A1","Prepositions: in / on / at","I live ______ London.","She is ______ the kitchen.","He is ______ the bus.","They are ______ the park.","We arrived ______ 5 p.m.","You left ______ Monday.","The book is ______ the table.","He was born ______ 1990.","I sat ______ the chair.","The meeting is ______ Monday.","She is ______ the office.","The cat is sleeping ______ the sofa.","We met ______ the station.","I will call you ______ noon.","He works ______ the bank.","The picture is ______ the wall.","She is ______ the garden.","I left my keys ______ the drawer.","We will meet ______ Friday.","The children are playing ______ the playground.","in","in","on","in","at","on","on","in","on","on","in","on","at","at","at","on","in","in","on","in"
"A2","Prepositions: in / on / at (time)","The meeting is ______ Monday.","I was born ______ 1995.","She will visit us ______ the morning.","He called me ______ Friday.","We will leave ______ 6 p.m.","The festival is ______ July.","My birthday is ______ Saturday.","The train arrives ______ noon.","I start work ______ the afternoon.","They met ______ Christmas.","The exam is ______ next week.","She arrived ______ 3 p.m.","We usually go skiing ______ winter.","He left ______ Tuesday morning.","I have an appointment ______ next month.","The movie starts ______ 8 p.m.","She will travel ______ September.","We will finish ______ the evening.","The concert is ______ Saturday night.","I will call you ______ tomorrow.","on","in","in","on","at","in","on","at","in","at","in","at","in","on","in","at","in","in","on","tomorrow"
"B1","Prepositions: in / on / at (places)","She arrived ______ the airport just in time.","He is waiting ______ the bus stop.","They are sitting ______ the restaurant.","I live ______ the city center.","She is ______ the office now.","We met ______ the train station.","The books are ______ the shelf.","He was ______ the hospital yesterday.","They are staying ______ a hotel near the beach.","I left my bag ______ the car.","She is ______ the library studying.","We arrived ______ the cinema late.","He is ______ the park with his dog.","I am ______ the meeting room.","The kids are playing ______ the playground.","He was ______ the kitchen making dinner.","They are ______ the museum now.","I found it ______ the street.","She is ______ the station platform.","We are ______ the café having coffee.","at","at","in","in","in","at","on","at","in","in","in","at","in","in","on","in","in","on","at","in"
"B2","Prepositions: in / on / at (advanced uses)","The company specializes ______ renewable energy research.","She is highly skilled ______ negotiation.","He is interested ______ environmental policy.","They excel ______ programming and AI.","We are participating ______ an international conference.","The team is engaged ______ developing new software.","She has a degree ______ economics.","He is proficient ______ several languages.","The organization focuses ______ human rights advocacy.","I am involved ______ several community projects.","The professor is an expert ______ ancient history.","They concentrated ______ solving the problem.","She is experienced ______ customer relations.","He is well-known ______ the academic community.","We succeeded ______ completing the task on time.","The company invested heavily ______ renewable technologies.","She is enthusiastic ______ learning new skills.","He is committed ______ improving education standards.","They are specialized ______ cyber security.","I am responsible ______ preparing the reports.","in","in","in","in","in","in","in","in","in","in","in","in","in","in","in","in","in","in","in","in"
"A2","Should / Ought to","You ______ study more.","She ______ eat healthy food.","He ______ go to bed earlier.","They ______ practice every day.","We ______ arrive on time.","I ______ call my parents.","You ______ listen to your teacher.","She ______ drink more water.","He ______ be careful on the road.","They ______ check their work.","We ______ help our neighbors.","I ______ take a break.","You ______ save money.","She ______ speak politely.","He ______ wear a coat.","They ______ read the instructions.","We ______ exercise regularly.","I ______ finish my homework.","You ______ apologize.","She ______ plan ahead.","should","ought to","should","should","ought to","should","ought to","should","should","ought to","should","ought to","should","should","ought to","should","ought to","should","ought to","should"
"A1","To be – present tense","She ______ my sister.","He ______ the owner of the store.","I ______ a student.","They ______ friends.","He ______ very tall.","We ______ at home.","You ______ happy today.","It ______ a sunny day.","I ______ tired.","She ______ in the garden.","They ______ in the classroom.","We ______ ready to go.","He ______ a doctor.","You ______ late.","I ______ hungry.","It ______ cold today.","She ______ very kind.","They ______ not at school.","We ______ excited about the trip.","He ______ from Brazil.","is","is","am","are","is","are","are","is","am","is","are","are","is","are","am","is","is","are","are","is"
"A1","A / An","He has ______ orange.","She bought ______ apple.","I saw ______ elephant at the zoo.","We found ______ umbrella in the classroom.","He carried ______ bag to school.","She picked ______ ant from the table.","I need ______ pencil to write.","He ate ______ ice cream cone.","They have ______ dog in the yard.","She wore ______ hat to the party.","We bought ______ onion at the market.","He wants ______ sandwich for lunch.","She owns ______ iguana as a pet.","I saw ______ lamp in the store.","He carried ______ hourglass to class.","She met ______ teacher yesterday.","There is ______ egg in the fridge.","We saw ______ owl near the tree.","He bought ______ book from the shop.","I found ______ orange on the counter.","an","an","an","an","a","an","a","an","a","a","an","a","an","an","an","a","an","an","a","an"
"A1","There is / There are","______ a cat on the table.","______ two books on the shelf.","______ a dog in the garden.","______ many students in the classroom.","______ an apple on the plate.","______ some chairs in the room.","______ a pen on the desk.","______ five cars in the parking lot.","______ a bird in the tree.","______ some water in the bottle.","______ a child in the playground.","______ two cups on the table.","______ a sandwich in the fridge.","______ many flowers in the garden.","______ a key on the counter.","______ some pencils in the bag.","______ a phone on the sofa.","______ three windows in the room.","______ a bag under the chair.","______ several pictures on the wall.","There is","There are","There is","There are","There is","There are","There is","There are","There is","There is","There is","There are","There is","There are","There is","There are","There is","There are","There is","There are"
"A1","This/That; These/Those","______ is my phone.","______ are my keys.","______ is her bag.","______ are his shoes.","______ is the teacher.","______ are the students.","______ is a cat over there.","______ are birds in the sky.","______ is my house.","______ are your friends.","______ is my notebook.","______ are the chairs.","______ is his car.","______ are the children.","______ is the lamp.","______ are the tables.","______ is that building.","______ are those mountains.","______ is my hat.","______ are my parents.","This","These","This","These","This","These","That","Those","This","These","This","These","This","These","This","These","That","Those","This","These"
"A1","Present Continuous","They ______ ______ TV.","I ______ ______ a book.","She ______ ______ the piano.","He ______ ______ dinner.","We ______ ______ English.","You ______ ______ music.","It ______ ______ outside.","They ______ ______ in the pool.","I ______ ______ an email.","She ______ ______ a picture.","He ______ ______ the car.","We ______ ______ for the test.","You ______ ______ too much.","It ______ ______ today.","They ______ ______ at the party.","I ______ ______ lunch.","She ______ ______ her room.","He ______ ______ in the park.","We ______ ______ a song.","You ______ ______ the news.","are watching","am reading","is playing","is cooking","are learning","are listening","is raining","are swimming","am writing","is painting","is fixing","are studying","are talking","is snowing","are dancing","am eating","is cleaning","is running","are singing","are watching"
"A1","Simple Present","He ______ coffee every morning.","She ______ to school by bus.","I ______ breakfast at 7 am.","They ______ football on Sundays.","We ______ in a big house.","You ______ very fast.","It ______ a lot in winter.","He ______ English very well.","She ______ the guitar.","I ______ my homework every day.","They ______ TV in the evening.","We ______ to the park on weekends.","You ______ always happy.","It ______ too cold today.","He ______ newspapers every morning.","She ______ water every day.","I ______ in a small town.","They ______ good food at the restaurant.","We ______ our friends often.","You ______ your room.","drinks","goes","have","play","live","run","rains","speaks","plays","do","watch","go","are","is","reads","drinks","live","eat","visit","clean"
"A1","To Be – Past Tense","We ______ tired yesterday.","I ______ at home last night.","He ______ happy yesterday.","She ______ late for class.","It ______ sunny yesterday.","You ______ busy yesterday.","They ______ at the park.","I ______ hungry in the morning.","He ______ a student last year.","She ______ at the party.","We ______ excited about the trip.","You ______ ready to leave.","They ______ not at school.","It ______ cold last week.","I ______ surprised by the news.","He ______ angry yesterday.","She ______ kind to everyone.","We ______ at the cinema.","You ______ tired after work.","They ______ happy with the results.","were","was","was","was","was","were","were","was","was","was","were","were","were","was","was","was","was","were","were","were"
"A1","Interrogative Words","______ are you doing?","______ is your name?","______ is at the door?","______ is she talking to?","______ are your friends?","______ is your favorite color?","______ do you like to eat?","______ is coming to the party?","______ is on the table?","______ are you going?","______ is your teacher?","______ did you see yesterday?","______ is your mother?","______ are they playing?","______ is making that noise?","______ do you want for breakfast?","______ is the capital of France?","______ are you studying?","______ is responsible for this?","______ is your favorite movie?","What","What","Who","Who","Who","What","What","Who","What","Where","Who","Who","Who","What","Who","What","What","What","Who","What"
"A2","Position/Meaning of “Too”","The tea is ______ hot to drink.","The bag is ______ heavy to carry.","This soup is ______ salty.","The music is ______ loud.","He is ______ tired to work.","The water is ______ cold to swim.","The box is ______ big for the shelf.","The shoes are ______ small.","The film was ______ boring.","The book is ______ long to read in one day.","The cake is ______ sweet.","The coffee is ______ strong.","The exam was ______ difficult.","The weather is ______ cold today.","The dress is ______ expensive.","The road is ______ busy to cross.","The shirt is ______ tight.","The homework is ______ easy.","The room is ______ bright.","The movie was ______ short.","too","too","too","too","too","too","too","too","too","too","too","too","too","too","too","too","too","too","too","too"
"A2","Position/Meaning of “Too”","The tea is ______ hot to drink.","This bag is ______ heavy to lift.","I want to go ______.","She is ______ young to drive.","He ate ______ much cake.","The music is ______ loud.","You are ______ kind to everyone.","They arrived ______ late.","This soup is ______ salty.","We have ______ little time to finish.","He runs ______ fast.","I like chocolate ______.","The box is ______ big for the shelf.","The shoes are ______ small.","She talks ______ much in class.","He is ______ polite to refuse.","The weather is ______ cold today.","I am tired, and I want to sleep ______.","The movie is ______ long.","The coffee is ______ strong.","too","too","too","too","too","too","too","too","too","too","too","too","too","too","too","too","too","too","too","too"
"A1","Imperative Sentences","______ the window, please.","______ your hands before eating.","______ the door.","______ the lights off.","______ quiet.","______ your homework now.","______ the book on the table.","______ standing in line.","______ your shoes.","______ the water.","______ the music.","______ the cake into pieces.","______ sitting here.","______ your bag.","______ ready to go.","______ the TV.","______ listening carefully.","______ helping your friend.","______ the email.","______ waiting for me.","Open","Wash","Close","Turn","Be","Do","Put","Keep","Take","Drink","Play","Cut","Keep","Carry","Be","Switch","Listen","Keep","Send","Stop"
"A1","Plural of Nouns","I saw three ______.","She has two ______.","We bought five ______.","They found many ______.","He owns four ______.","I like those ______.","She collected ten ______.","The park has many ______.","I have several ______.","He saw a lot of ______.","We need six more ______.","They are selling old ______.","I want two ______.","She counted the ______.","He gave me three ______.","We bought some ______.","I found many ______.","She drew four ______.","They planted ten ______.","I saw two ______.","dogs","cats","books","chairs","cars","apples","stamps","birds","pencils","houses","chairs","bottles","pens","coins","oranges","flowers","coins","chairs","trees","shoes"
"A1","Can / Cannot","She ______ swim.","I ______ play the piano.","He ______ drive a car.","They ______ come to the party.","We ______ speak English.","You ______ lift this box.","It ______ fly.","I ______ solve this problem.","She ______ cook very well.","He ______ run fast.","We ______ eat all the pizza.","They ______ climb the mountain.","You ______ see the stars clearly.","I ______ open the window.","She ______ speak French.","He ______ play football.","We ______ finish on time.","They ______ find the key.","You ______ leave early.","I ______ read this book.","can","can","can","can","can","can","cannot","can","can","can","can","can","can","can","can","can","can","can","can","can"
"A2","Nouns in Groups","A ______ of grapes is on the table.","A ______ of birds flew over the park.","I bought a ______ of bananas.","A ______ of wolves hunted in the forest.","There is a ______ of students in the classroom.","A ______ of keys was on the desk.","I saw a ______ of cows in the field.","She gave me a ______ of flowers.","We found a ______ of ants in the kitchen.","A ______ of lions rested under the tree.","I need a ______ of pencils.","He has a ______ of stamps.","They visited a ______ of museums.","A ______ of fish swam in the pond.","We spotted a ______ of dolphins.","She owns a ______ of cats.","He saw a ______ of planes in the sky.","A ______ of judges discussed the case.","I bought a ______ of oranges.","A ______ of chairs is in the hall.","bunch","flock","bunch","pack","group","bunch","herd","bouquet","colony","pride","set","collection","group","school","pod","litter","squadron","panel","crate","row"
"A1","Present continuous (future meaning)","I ______ meeting him tomorrow.","She ______ traveling to London next week.","We ______ visiting our grandparents this weekend.","They ______ starting the new project on Monday.","He ______ seeing the doctor later.","I ______ meeting my friend for coffee tomorrow.","She ______ attending a seminar on Friday.","We ______ watching the new movie tonight.","They ______ moving to a new house next month.","He ______ joining the team next week.","I ______ having lunch with Sarah tomorrow.","She ______ taking the test on Wednesday.","We ______ going shopping on Saturday.","They ______ playing football after school.","He ______ flying to Paris next Monday.","I ______ attending the conference next week.","She ______ meeting her boss tomorrow.","We ______ starting the course next Monday.","They ______ visiting the museum on Friday.","He ______ calling you later.","am","is","are","are","is","am","is","are","are","is","am","is","are","are","is","am","is","are","are","is"
"A2","Question words","______ is that man?","______ is on the table?","______ are your friends?","______ did you see at the park?","______ is coming to the party?","______ is in the classroom?","______ called you yesterday?","______ is taller, John or Peter?","______ are you talking to?","______ is responsible for the homework?","______ lives next door?","______ is making that noise?","______ will help me with this task?","______ is at the front?","______ are those children?","______ owns this bag?","______ will present first in the class?","______ is going to the shop?","______ do you want to meet?","______ is the best restaurant in town?","Who","What","Who","What","Who","Where","Who","Which","Who","What","Where","What","Who","Where","Who","Which","Which","Where","Who","Which"
"B1","Who (mixed uses)","______ called you yesterday?","______ is sitting next to Sarah?","______ lives in that house is a teacher.","______ helped me with my homework was kind.","I don’t know ______ is coming to the party.","______ did you meet at the station?","______ is responsible for this task?","The student ______ answered correctly was happy.","______ wrote this letter?","______ is joining the team tomorrow?","The person ______ left the message is unknown.","Can you tell me ______ will lead the discussion?","______ is wearing a red jacket?","______ solved the problem deserves a reward.","______ are your best friends?","______ made this beautiful painting?","The doctor ______ treated me was very professional.","______ is knocking at the door?","I wonder ______ will win the competition.","______ is in charge of the project?","Who (question-subject)","Who (question-subject)","Who (relative pronoun)","Who (relative pronoun)","Who (indirect question)","Who (question-object)","Who (expression)","Who (relative pronoun)","Who (question-subject)","Who (question-subject)","Who (relative pronoun)","Who (indirect question)","Who (question-subject)","Who (relative pronoun)","Who (question-subject)","Who (question-subject)","Who (relative pronoun)","Who (question-subject)","Who (indirect question)","Who (relative pronoun)"
"A2","Possessive case of nouns","This is ______ car.","That is ______ house.","This is ______ book.","Those are ______ shoes.","I borrowed ______ pen.","She found ______ keys.","We visited ______ school.","He fixed ______ bike.","This is ______ bag.","They met ______ parents.","I like ______ style.","She cleaned ______ room.","We borrowed ______ notes.","He painted ______ fence.","This is ______ computer.","They returned ______ tickets.","She read ______ letter.","We admired ______ garden.","He washed ______ dog.","That is ______ office.","John’s","Mary’s","Alice’s","their’s","my","her","our","his","Hannah’s","their","Jack’s","Susan’s","our","his","Tom’s","their","Anna’s","our","David’s","their"
"A1","Simple present – affirmative","They ______ to school by bus.","He ______ football every Sunday.","She ______ breakfast at 7 a.m.","I ______ English at school.","We ______ TV in the evening.","My brother ______ in a bank.","My friends ______ pizza on Fridays.","The cat ______ on the sofa.","The teacher ______ the lesson clearly.","You ______ very fast.","My parents ______ in New York.","The dog ______ in the garden.","The baby ______ a lot.","Anna ______ her homework every day.","We ______ coffee in the morning.","He ______ water every day.","The children ______ in the park.","I ______ music every day.","She ______ to the gym on Mondays.","They ______ sandwiches for lunch.","go","plays","eats","study","watch","works","eat","sleeps","explains","run","live","plays","cries","does","drink","play","listen","go","study","eat"
"A1","Simple present – neg./interrogative","______ you like pizza?","______ he play football?","______ she go to school on Sundays?","______ they live in New York?","______ it rain a lot in winter?","______ I need a pen?","______ your brother watch TV in the evening?","______ we study English every day?","______ the cat sleep on the sofa?","______ your parents drive to work?","______ he drink coffee in the morning?","______ she like ice cream?","______ they play basketball after school?","______ I help you with your homework?","______ the children go to the park?","______ your friend speak French?","______ it snow in December?","______ we meet at 5 p.m.?","______ he have a car?","______ you understand the lesson?","Do","Does","Does","Do","Does","Do","Does","Do","Does","Do","Does","Does","Do","Do","Do","Does","Does","Do","Does","Do"
"A2","Too / Either","I can’t go, and he can’t ______.","I don’t like coffee, and she doesn’t ______.","She wants to come, and I want to ______.","They aren’t ready, and we aren’t ______.","He enjoys swimming, and I do ______.","I didn’t see the movie, and my friends didn’t ______.","You like pizza, and I do ______.","We can’t find the keys, and they can’t ______.","She sings well, and he does ______.","I haven’t finished my homework, and my sister hasn’t ______.","They love dancing, and we do ______.","He doesn’t know the answer, and she doesn’t ______.","I want ice cream, and you do ______.","We aren’t going to the park, and they aren’t ______.","She reads a lot, and I do ______.","I don’t eat meat, and he doesn’t ______.","He can play the guitar, and she can ______.","They haven’t visited Paris, and we haven’t ______.","I like this song, and you do ______.","She doesn’t like spiders, and I don’t ______.","either","either","too","either","too","either","too","either","too","either","too","either","too","either","too","either","too","either","too","either"
"A2","Have to","I ______ finish my homework.","She ______ wake up early tomorrow.","They ______ clean their room.","He ______ study for the test.","We ______ leave now to catch the bus.","You ______ take your medicine.","My brother ______ call his teacher.","The students ______ submit the assignment.","She ______ attend the meeting.","I ______ go to the dentist today.","We ______ prepare for the exam.","He ______ pack his bag.","They ______ follow the rules.","She ______ buy groceries.","I ______ help my parents.","He ______ write a report.","We ______ be on time.","You ______ read this book.","They ______ fix the broken chair.","She ______ finish the project tonight.","have to","has to","have to","has to","have to","have to","has to","have to","has to","have to","have to","has to","have to","has to","have to","has to","have to","have to","have to","has to"
"A1","To be (age)","She ______ 10 years old.","He ______ 15 years old.","I ______ 20 years old.","They ______ 18 years old.","We ______ 30 years old.","You ______ 25 years old.","My sister ______ 12 years old.","Her brother ______ 8 years old.","They ______ 17 years old.","He ______ 40 years old.","I ______ 22 years old.","She ______ 13 years old.","We ______ 28 years old.","They ______ 21 years old.","You ______ 19 years old.","He ______ 33 years old.","My friend ______ 27 years old.","She ______ 16 years old.","I ______ 24 years old.","They ______ 23 years old.","is","is","am","are","are","are","is","is","are","is","am","is","are","are","are","is","is","is","am","are"
"A1","Personal pronouns","______ am learning English.","______ are my best friends.","______ is very tall.","______ is going to the store.","______ are playing football.","______ likes pizza.","______ am happy today.","______ is my teacher.","______ are very kind.","______ loves chocolate.","______ are from Brazil.","______ is my brother.","______ is a doctor.","______ are reading a book.","______ enjoys swimming.","______ am tired.","______ is my sister.","______ are teachers.","______ is my dog.","______ like music.","I","They","He","She","They","He","I","He","They","She","They","He","He","They","He","I","She","They","It","They"
"A2","One another / each other","They love ______.","We help ______ every day.","The students respect ______.","My friends support ______.","The neighbors greet ______ in the morning.","They talk to ______ often.","Children play with ______ at school.","He and she understand ______.","The team trusts ______.","They admire ______ for their work.","We share our ideas with ______.","My parents care for ______.","The couples look after ______.","They write letters to ______.","Friends listen to ______ carefully.","They teach ______ new skills.","He and his brother help ______.","They compete with ______ fairly.","We thank ______ for the gifts.","The students encourage ______.","each other","each other","one another","one another","each other","each other","each other","one another","one another","one another","one another","each other","each other","one another","one another","each other","each other","one another","one another","each other"
"A2","What a / How!","______ wonderful day!","______ beautiful flowers!","______ big house!","______ delicious meal!","______ nice car!","______ interesting book!","______ amazing view!","______ tall building!","______ great movie!","______ fun game!","______ exciting match!","______ warm weather!","______ terrible accident!","______ funny story!","______ hard work!","______ cold winter!","______ busy street!","______ clean room!","______ peaceful garden!","______ lovely person!","What a","What a","How","What a","How","What a","How","What a","How","What a","What a","How","How","What a","How","What a","What a","How","What a","How"
"A2","Simple past tense","They ______ the movie yesterday.","He ______ his homework last night.","She ______ to the park yesterday.","I ______ a delicious cake yesterday.","We ______ football last weekend.","You ______ a letter to your friend.","My brother ______ the car to school.","The students ______ in the library.","She ______ a new dress yesterday.","I ______ my keys yesterday.","We ______ a great time at the party.","He ______ a book last week.","They ______ TV last night.","She ______ the piano yesterday.","I ______ breakfast early this morning.","We ______ for the bus yesterday.","He ______ to music yesterday.","They ______ a new game last weekend.","She ______ very happy yesterday.","I ______ to the store yesterday.","watched","did","went","baked","played","sent","drove","studied","bought","lost","had","read","watched","played","practiced","had","waited","listened","tried","was"
"B1","Beside / Besides","______ English, she speaks Spanish.","He has no other hobbies ______ reading.","There is a lamp ______ the bed.","______ his job, he volunteers at a shelter.","The school is ______ the park.","______ playing football, she likes tennis.","______ her parents, nobody knew the secret.","There is a chair ______ the table.","______ working hard, he finds time to travel.","______ the obvious reasons, we must consider others.","The dog sat ______ the fire.","______ music, she enjoys painting.","There is a house ______ the river.","______ the teacher, no one understood the lesson.","______ swimming, he enjoys running.","She stood ______ me during the ceremony.","______ the main points, the essay includes minor details.","The cat slept ______ the sofa.","______ reading, he writes stories.","______ the students, the classroom was empty.","Besides","Besides","Beside","Besides","Beside","Besides","Besides","Beside","Besides","Besides","Beside","Besides","Beside","Besides","Besides","Beside","Besides","Beside","Beside","Besides"
"B1","Past continuous tense","They ______ sleeping when I called.","I ______ reading a book at 8 p.m.","She ______ cooking dinner yesterday.","He ______ playing football when it started raining.","We ______ watching TV at that time.","You ______ studying all night.","My parents ______ talking in the garden.","The students ______ doing their homework.","She ______ listening to music yesterday evening.","I ______ writing an email when he arrived.","We ______ walking in the park.","He ______ driving home when the phone rang.","They ______ waiting for the bus.","She ______ cleaning her room.","I ______ learning English at that moment.","We ______ playing chess yesterday.","He ______ reading the newspaper.","They ______ having lunch when I called.","She ______ working late last night.","I ______ sleeping when the alarm rang.","were","was","was","was","were","were","were","were","was","was","were","was","were","was","was","were","was","were","was","was"
"A1","Possessive adjectives/pronouns","This is ______ book.","That is ______ car.","These are ______ shoes.","Those are ______ pencils.","I like ______ house.","He loves ______ dog.","She is cleaning ______ room.","We finished ______ homework.","You forgot ______ keys.","They are visiting ______ grandparents.","My brother is playing with ______ toy.","Her sister is reading ______ magazine.","Our parents are at ______ work.","Your friends are at ______ school.","Their teacher is very kind.","I lost ______ wallet.","He is washing ______ hands.","She brought ______ bag.","We are decorating ______ classroom.","They are playing with ______ ball.","my","his","her","our","my","his","her","our","your","their","his","her","our","your","their","my","his","her","our","their"
"B1","Rob / Steal","Someone ______ my wallet.","He ______ the car last night.","They ______ money from the bank.","She ______ my idea during the meeting.","I ______ a book from the library yesterday.","We ______ the show tickets online.","You ______ a snack from the kitchen.","My brother ______ my headphones.","She ______ my pen.","They ______ the painting from the gallery.","He ______ my notes.","I ______ her phone accidentally.","We ______ the game from the store.","She ______ my coat.","They ______ the jewels from the safe.","He ______ the candy from the jar.","I ______ the documents by mistake.","We ______ the chair from the old house.","She ______ my bag.","They ______ my bike yesterday.","stole","stole","stole","stole","stole","stole","stole","stole","stole","stole","stole","stole","stole","stole","stole","stole","stole","stole","stole","stole"
"A2","Possessive case of nouns","The ______ color is blue.","That is my brother ______ bike.","She loves her friend ______ house.","We visited the teacher ______ classroom.","I borrowed my sister ______ book.","He fixed the dog ______ collar.","They admired the artist ______ painting.","She opened her mother ______ bag.","We enjoyed the children ______ party.","He repaired the car ______ engine.","My father bought the neighbor ______ flowers.","She cleaned the cat ______ fur.","We admired the author ______ story.","I borrowed my cousin ______ laptop.","They visited the doctor ______ office.","He lost the student ______ notebook.","She fixed the baby ______ toy.","We enjoyed the musician ______ concert.","My mother painted the wall ______ color.","They admired the chef ______ recipe.","car’s","brother’s","friend’s","teacher’s","sister’s","dog’s","artist’s","mother’s","children’s","car’s","neighbor’s","cat’s","author’s","cousin’s","doctor’s","student’s","baby’s","musician’s","mother’s","chef’s"
"B2","Double possessive","She is a good friend ______.","He is a colleague ______.","This is a book ______.","They found a teacher ______.","I met a neighbor ______.","We have a cousin ______.","She is a mentor ______.","He is a student ______.","That is a song ______.","They are friends ______.","I have a dog ______.","She has a brother ______.","We visited a friend ______.","He bought a car ______.","They have a sister ______.","I found a pen ______.","She is a singer ______.","He is a chef ______.","That is a story ______.","We met a writer ______.","of mine","of his","of hers","of ours","of hers","of ours","of hers","of his","of theirs","of theirs","of mine","of hers","of ours","of his","of theirs","of mine","of hers","of his","of theirs","of ours"
"B1","Reflexive / emphasizing pronouns","He did it ______.","She prepared the meal ______.","I made this mistake ______.","They solved the problem ______.","We enjoyed the trip ______.","You can do it ______.","My brother fixed the bike ______.","She wrote the report ______.","I cleaned the room ______.","We built the table ______.","He taught the lesson ______.","They decorated the house ______.","She answered the question ______.","I organized the event ______.","We repaired the car ______.","He painted the wall ______.","She folded the clothes ______.","They completed the project ______.","I made dinner ______.","We planned the party ______.","himself","herself","myself","themselves","ourselves","yourself","himself","herself","myself","ourselves","himself","themselves","herself","myself","ourselves","himself","herself","themselves","myself","ourselves"
"B1","Gerund after prepositions","She left without ______ goodbye.","He is good at ______ problems.","They succeeded in ______ the project.","We talked about ______ abroad.","I am interested in ______ new languages.","She apologized for ______ late.","He is afraid of ______ in public.","They are excited about ______ the game.","We are tired of ______ so much.","She insisted on ______ her opinion.","I am used to ______ early.","He is worried about ______ the exam.","They are capable of ______ great things.","We dream of ______ in a big city.","She is committed to ______ her best.","He is responsible for ______ the event.","They are keen on ______ new skills.","I am proud of ______ my work.","She is focused on ______ the problem.","We are afraid of ______ mistakes.","saying","solving","completing","moving","learning","apologizing","arriving","speaking","doing","expressing","waking","studying","preparing","achieving","living","giving","organizing","learning","fixing","avoiding"
"A2","Much / Many","How ______ apples do you have?","How ______ sugar is in the cake?","There are ______ books on the shelf.","She doesn’t have ______ friends.","He drinks too ______ coffee.","We have ______ chairs in the room.","They don’t eat ______ meat.","I need ______ information about the course.","There are ______ cars on the street.","She bought too ______ clothes.","He doesn’t have ______ money.","We saw ______ birds in the garden.","They made ______ mistakes in the test.","I don’t have ______ time today.","How ______ oranges are in the basket?","She doesn’t eat ______ vegetables.","He has ______ homework to do.","We need ______ chairs for the guests.","There isn’t ______ milk in the fridge.","They drank too ______ water.","many","much","many","many","much","many","many","much","many","many","much","many","many","much","many","many","many","many","much","much"
"A2","Little/Few","I have ___ money left.","She has ___ friends in the city.","There is ___ sugar in the jar.","We saw ___ birds in the park.","He has ___ patience for waiting.","They made ___ mistakes in the test.","I have ___ time to finish this.","She bought ___ apples at the market.","There is ___ milk in the fridge.","We have ___ chairs for the guests.","He drank ___ water.","They had ___ problems yesterday.","I saw ___ cars on the street.","She has ___ homework today.","There is ___ bread left.","We found ___ shells on the beach.","He has ___ energy after the game.","They have ___ ideas for the project.","I need ___ information about this topic.","She has ___ clothes in her closet.","little","few","little","few","little","few","little","few","little","few","little","few","few","little","little","few","little","few","little","few"
"A2","A little / A few","I need ______ minutes.","She has ______ friends coming over.","There is ______ sugar in the bowl.","We bought ______ apples at the market.","He has ______ patience for the children.","They spent ______ time on the project.","I need ______ water to drink.","She made ______ mistakes on the test.","There is ______ bread left in the basket.","We found ______ shells on the beach.","He gave me ______ advice yesterday.","They have ______ books about history.","I have ______ money in my wallet.","She needs ______ paper for the printer.","There are ______ birds in the tree.","We waited ______ minutes for the bus.","He has ______ energy to play football.","She bought ______ oranges for the juice.","I need ______ information about the topic.","They brought ______ chairs for the guests.","a few","a few","a little","a few","a little","a little","a little","a few","a little","a few","a little","a few","a little","a few","a few","a few","a little","a few","a little","a few"
"B1","Too much / Too many","There are ___ people here.","He has ___ work to finish today.","She bought ___ clothes yesterday.","There is ___ noise in this room.","They asked ___ questions in class.","I ate ___ food at lunch.","We have ___ meetings this week.","He drinks ___ coffee every day.","There are ___ cars on this street.","She spends ___ money on clothes.","They gave us ___ homework.","There is ___ traffic in the morning.","He made ___ mistakes on the test.","We watched ___ videos last night.","She has ___ stress at work.","There are ___ rules to remember.","I put ___ salt in the soup.","They invited ___ guests.","There is ___ information to read.","He bought ___ books.","too many","too much","too many","too much","too many","too much","too many","too much","too many","too much","too much","too much","too many","too many","too much","too many","too much","too many","too much","too many"
"B1","So much / So many","She has ___ work today.","There are ___ people waiting outside.","He eats ___ sugar.","She owns ___ books.","We have ___ homework this week.","There is ___ noise here.","They invited ___ guests.","He spends ___ time online.","There are ___ rules to follow.","She shows ___ patience.","We saw ___ problems with the plan.","He drinks ___ coffee.","There is ___ information to read.","They made ___ changes.","She has ___ experience.","There are ___ emails to answer.","He caused ___ trouble.","We wasted ___ time.","There are ___ mistakes in this report.","She felt ___ stress.","so much","so many","so much","so many","so much","so much","so many","so much","so many","so much","so many","so much","so much","so many","so much","so many","so much","so much","so many","so much"
"A2","How much / How many","___ water do we need?","___ people are coming?","___ milk is left?","___ chairs do we have?","___ time do we have?","___ apples are there?","___ money did you spend?","___ students are in the class?","___ bread is left?","___ books do you need?","___ sugar is in the tea?","___ cars are outside?","___ homework do we have?","___ minutes are left?","___ rice do we need?","___ questions are on the test?","___ coffee is there?","___ children are playing?","___ information do you need?","___ eggs are in the fridge?","How much","How many","How much","How many","How much","How many","How much","How many","How much","How many","How much","How many","How much","How many","How much","How many","How much","How many","How much","How many"
"B2","Omission of ""that""","She said ___ she was tired.","He thinks ___ it will rain later.","They told me ___ they were busy.","I believe ___ this is the right answer.","She explained ___ she missed the class.","We heard ___ the shop is closing.","He promised ___ he would call.","They said ___ the test was easy.","I noticed ___ he was nervous.","She believes ___ things will improve.","We agreed ___ it was a good idea.","He claims ___ he saw everything.","They admitted ___ they were wrong.","I hope ___ you understand.","She knew ___ something was wrong.","We decided ___ we should leave.","He realized ___ he made a mistake.","They confirmed ___ the meeting was canceled.","I felt ___ it was important.","She believes ___ he is honest.","(that)","(that)","(that)","(that)","(that)","(that)","(that)","(that)","(that)","(that)","(that)","(that)","(that)","(that)","(that)","(that)","(that)","(that)","(that)","(that)"
"B2","Different uses of ""one"" (numerical)","I need ___ more day.","She bought ___ extra ticket.","We have ___ last chance.","He wants ___ more try.","They need ___ more person.","I’ll take ___ final look.","She gave me ___ quick answer.","We have ___ remaining option.","He needs ___ extra minute.","They asked for ___ more example.","I want ___ more coffee.","She made ___ final decision.","We have ___ more problem to solve.","He took ___ last step.","They need ___ more hour.","I’ll give you ___ more chance.","She asked ___ simple question.","We have ___ more thing to do.","He wants ___ second opinion.","They need ___ more reason.","one","one","one","one","one","one","one","one","one","one","one","one","one","one","one","one","one","one","one","one"
"B2","""One"" (substitute word)","I prefer the red shirt to the blue ___.","She chose the cheaper ___ instead of the expensive one.","These shoes are nicer than the old ___.","I don’t like this phone; I want a better ___.","He picked the larger ___ from the box.","This problem is harder than the previous ___.","I’ll take the same ___ as yesterday.","Her answer was clearer than his ___.","Those cookies are tastier than the dry ___.","I prefer a quiet ___ to a noisy one.","She bought a small ___, not a large one.","This route is shorter than the other ___.","I like the black ___ more than the white one.","That explanation is better than the first ___.","These chairs are more comfortable than the wooden ___.","I’ll wear the clean ___ today.","This version is simpler than the old ___.","He wants the blue ___, not the green one.","Those ideas are stronger than the weak ___.","I chose the right ___ in the end.","one","one","one","one","one","one","one","one","one","one","one","one","one","one","one","one","one","one","one","one"
"B1","Indefinite pronouns","___ called you last night.","___ left their bag here.","___ is knocking at the door.","___ took my phone by mistake.","___ wants to talk to you.","___ forgot their password.","___ sent you a message.","___ is waiting outside.","___ stole my wallet.","___ needs help.","___ asked for you earlier.","___ lost their keys.","___ is using your computer.","___ made a mistake.","___ is on the phone for you.","___ dropped this pen.","___ is looking for you.","___ broke the window.","___ is coming later.","___ took your seat.","Someone","Someone","Someone","Someone","Someone","Someone","Someone","Someone","Someone","Someone","Someone","Someone","Someone","Someone","Someone","Someone","Someone","Someone","Someone","Someone"
"A2","Adverbs of manner","She sings ___.","He runs ___.","They speak ___.","The child listens ___.","She works ___.","He drives ___.","The dog barked ___.","They answered ___.","She smiled ___.","He writes ___.","The teacher explained ___.","The baby slept ___.","She danced ___.","He opened the door ___.","They played ___.","She waited ___.","He spoke ___.","The birds flew ___.","She finished the test ___.","He knocked ___.","beautifully","quickly","clearly","quietly","hard","carefully","loudly","politely","happily","neatly","clearly","peacefully","gracefully","slowly","well","patiently","confidently","gracefully","carefully","loudly"
"B1","By + -ing","You improve English by ___.","You stay healthy by ___.","You save money by ___.","You learn new words by ___.","You get fit by ___.","You relax by ___.","You improve pronunciation by ___.","You avoid mistakes by ___.","You meet people by ___.","You stay organized by ___.","You remember names by ___.","You cook faster by ___.","You reduce stress by ___.","You travel cheaply by ___.","You improve listening by ___.","You keep in touch by ___.","You solve problems by ___.","You save time by ___.","You learn about culture by ___.","You stay focused by ___.","practicing","exercising","planning","reading","training","resting","listening","checking","networking","using notes","preparing","preparing","meditating","using buses","watching","calling","thinking","organizing","observing","avoiding distractions"
"A2","Modal: can / could","She ___ ride a bike when she was five.","He ___ swim very well now.","They ___ speak two languages.","I ___ help you today.","We ___ finish this later.","She ___ read when she was four.","He ___ play the guitar now.","They ___ understand the question.","I ___ see the board clearly.","We ___ meet tomorrow.","She ___ use a computer at age six.","He ___ drive now.","They ___ hear the noise.","I ___ remember his name.","We ___ start the lesson.","She ___ write her name as a child.","He ___ open the door.","They ___ solve the problem.","I ___ stay a bit longer.","We ___ try again.","could","can","can","can","can","could","can","can","can","can","could","can","can","can","can","could","can","can","can","can"
"A2","Modal: may / might","It ___ rain later.","She ___ be late today.","They ___ come to the party.","He ___ need help.","We ___ finish early.","The bus ___ arrive soon.","I ___ call you tonight.","She ___ not understand the question.","They ___ miss the train.","He ___ forget the meeting.","We ___ see him later.","It ___ snow tomorrow.","She ___ need more time.","They ___ not agree with us.","He ___ be at home.","We ___ have a problem.","The class ___ end early.","I ___ send an email.","She ___ change her mind.","They ___ arrive late.","might","may","might","may","might","may","might","might","may","might","may","might","may","might","may","might","may","might","might","may"
"A2","Tit for tat (can / may)","___ I borrow your pen?","___ I open the window?","___ I sit here?","___ I ask a question?","___ I use your phone?","___ I leave early today?","___ I come in?","___ I take a photo?","___ I help you?","___ I try again?","___ I go to the bathroom?","___ I close the door?","___ I join you?","___ I turn on the light?","___ I have some water?","___ I start now?","___ I sit next to you?","___ I check my phone?","___ I speak now?","___ I take a break?","May","Can","May","Can","May","May","May","Can","Can","Can","May","Can","Can","Can","May","Can","Can","Can","Can","Can"
"A2","Future tense (will)","I ___ call you tomorrow.","She ___ help you later.","They ___ arrive soon.","He ___ finish the work tonight.","We ___ see you next week.","She ___ send the email today.","He ___ explain it again.","They ___ come back later.","I ___ wait for you here.","We ___ start the meeting soon.","She ___ buy the tickets.","He ___ fix the problem.","They ___ tell you the truth.","I ___ remember to call.","We ___ stay a bit longer.","She ___ check the details.","He ___ meet us outside.","They ___ let you know.","I ___ be there on time.","We ___ try again tomorrow.","will","will","will","will","will","will","will","will","will","will","will","will","will","will","will","will","will","will","will","will"
"A2","Be + going to","They ___ travel next week.","I ___ study tonight.","She ___ start a new job.","We ___ watch a movie later.","He ___ call his parents.","The weather ___ change soon.","We ___ meet at 6.","She ___ cook dinner.","They ___ move to a new house.","I ___ buy a new phone.","He ___ fix the car.","We ___ take a test tomorrow.","She ___ learn English.","They ___ visit family.","I ___ clean my room.","He ___ play football.","We ___ leave early.","She ___ ask a question.","They ___ celebrate tonight.","I ___ stay home today.","are going to","am going to","is going to","are going to","is going to","is going to","are going to","is going to","are going to","am going to","is going to","are going to","is going to","are going to","am going to","is going to","are going to","is going to","are going to","am going to"
"A2","Present continuous (future)","I ___ leaving tonight.","She ___ meeting us later.","They ___ coming tomorrow.","He ___ working late tonight.","We ___ traveling next week.","She ___ starting school soon.","I ___ seeing the doctor tomorrow.","They ___ visiting their parents.","He ___ flying on Monday.","We ___ having dinner together.","She ___ moving next month.","I ___ staying home tonight.","They ___ arriving early.","He ___ taking the test tomorrow.","We ___ leaving at noon.","She ___ calling you later.","I ___ meeting my friend tonight.","They ___ going out this evening.","He ___ finishing work early.","We ___ watching a movie tonight.","am","is","are","is","are","is","am","are","is","are","is","am","are","is","are","is","am","are","is","are"
"B1","Future continuous","This time tomorrow, I ___ flying to London.","At 8 p.m., she ___ working.","Tomorrow morning, they ___ waiting for us.","This time next week, he ___ living abroad.","Tonight at 10, we ___ sleeping.","At noon tomorrow, I ___ having lunch.","This time tomorrow, she ___ taking the test.","Next Friday, they ___ traveling together.","Tomorrow evening, he ___ studying.","This time next month, we ___ finishing the project.","At 9 a.m., I ___ driving to work.","Tomorrow night, she ___ watching TV.","This time tomorrow, they ___ using the new system.","At this time tomorrow, he ___ feeling nervous.","Next week, we ___ working late.","Tomorrow afternoon, I ___ meeting the manager.","This time next year, she ___ living in another country.","Tonight, they ___ preparing dinner.","Tomorrow morning, he ___ running.","This time tomorrow, we ___ celebrating.","will be","will be","will be","won’t be","will be","will be","will be","will be","will be","will be","will be","won’t be","will be","will be","won’t be","will be","will be","will be","will be","will be"
"A2","Will you / Shall I / Shall we","___ we start now?","___ I open the window?","___ you help me with this?","___ we sit here?","___ I carry your bag?","___ you close the door?","___ we take a break?","___ I call you later?","___ you explain again?","___ we go by bus?","___ I get you some water?","___ you wait a minute?","___ we invite her?","___ I check the answer?","___ you turn off the light?","___ we meet at six?","___ I send the email?","___ you come with us?","___ we order now?","___ I start first?","Shall","Shall","Will you","Shall","Shall","Will you","Shall","Shall","Will you","Shall","Shall","Will you","Shall","Shall","Will you","Shall","Shall","Will you","Shall","Shall"
"B1","Would / Used to","I ___ live in Brazil when I was a child.","We ___ play outside every day.","She ___ walk to school.","They ___ go camping in summer.","He ___ eat a lot of sweets.","I ___ be very shy.","We ___ visit our grandparents often.","She ___ have long hair.","They ___ travel by train.","He ___ watch cartoons after school.","I ___ wake up early on weekends.","We ___ live near the beach.","She ___ read before bed.","They ___ spend summers there.","He ___ play the piano.","I ___ hate vegetables.","We ___ know everyone in the town.","She ___ work late.","They ___ meet on Fridays.","He ___ drink coffee every morning.","used to","would","would","would","would","used to","would","would","would","would","would","used to","would","would","would","used to","used to","would","would","would"
"A2","Should / Ought to","You ___ study more.","You ___ eat more vegetables.","You ___ see a doctor.","You ___ be careful.","You ___ apologize.","You ___ get some rest.","You ___ listen to your teacher.","You ___ save your work.","You ___ wear a jacket.","You ___ ask for help.","You ___ arrive on time.","You ___ check your answers.","You ___ drink more water.","You ___ call your parents.","You ___ follow the rules.","You ___ clean your room.","You ___ exercise regularly.","You ___ plan ahead.","You ___ respect others.","You ___ turn off your phone.","should","should","ought to","should","ought to","should","should","should","should","should","should","should","should","should","should","should","should","should","should","should"
